"id","camion","marque","site","type","affectation","capacite","utile","created_at","updated_at"
"1","1003TU216","IVC","TS_SAH",NULL,"TS_SAH","16","3.61","2026-04-04 14:55:59.46","2026-04-04 14:58:34.289"
"2","5410TU201","Volvo","BAR","Semi-Trailer","Transport Commercial","25 T","22 T","2026-04-09 15:24:46.305","2026-04-09 15:24:46.305"
"3","6068TU197","Scania","SFAX","Semi-Trailer","Transport Commercial","24 T","21 T","2026-04-09 15:24:46.305","2026-04-09 15:24:46.305"
"4","2775TU229","DAF","BAR","Flat Bed","Transport Commercial","20 T","18 T","2026-04-09 15:24:46.305","2026-04-09 15:24:46.305"
"5","1089TU211","MAN","SFAX","Semi-Trailer","Transport Commercial","25 T","22 T","2026-04-09 15:24:46.305","2026-04-09 15:24:46.305"
"6","528TU174","Volvo","BAR","Box Truck","14 T","11 T","Transport Securisé","2026-04-09 15:24:46.305","2026-04-09 15:24:46.305"
"7","2603TU194","Scania","SFAX","Semi-Trailer","Transport Commercial","24 T","21 T","2026-04-09 15:24:46.305","2026-04-09 15:24:46.305"
"8","5012TU182","DAF","BAR","Flat Bed","Transport Commercial","20 T","18 T","2026-04-09 15:24:46.305","2026-04-09 15:24:46.305"
"9","9473TU205","Volvo","SFAX","Semi-Trailer","Transport Commercial","25 T","22 T","2026-04-09 15:24:46.305","2026-04-09 15:24:46.305"
"10","2486TU192","MAN","BAR","Tanker","Transport Liquides","25 T","22 T","2026-04-09 15:24:46.305","2026-04-09 15:24:46.305"
"11","998TU189","Scania","SFAX","Semi-Trailer","Transport Commercial","24 T","21 T","2026-04-09 15:24:46.305","2026-04-09 15:24:46.305"
"12","2767TU229","DAF","BAR","Flat Bed","Transport Commercial","20 T","18 T","2026-04-09 15:24:46.305","2026-04-09 15:24:46.305"
"13","3841TU166","Volvo","SFAX","Semi-Trailer","Transport Commercial","25 T","22 T","2026-04-09 15:24:46.305","2026-04-09 15:24:46.305"
"14","9281TU230","MAN","BAR","Box Truck","Transport Commercial","14 T","12 T","2026-04-09 15:24:46.305","2026-04-09 15:24:46.305"
"15","9878TU188","Scania","SFAX","Tanker","Transport Liquides","24 T","21 T","2026-04-09 15:24:46.305","2026-04-09 15:24:46.305"
"16","4962TU204","DAF","BAR","Semi-Trailer","Transport Commercial","20 T","18 T","2026-04-09 15:24:46.305","2026-04-09 15:24:46.305"
"17","8248TU210","Volvo","SFAX","Flat Bed","Transport Équipements","25 T","22 T","2026-04-09 15:24:46.305","2026-04-09 15:24:46.305"
"18","2177TU181","MAN","BAR","Semi-Trailer","Transport Commercial","20 T","18 T","2026-04-09 15:24:46.305","2026-04-09 15:24:46.305"
"19","858TU201","Scania","SFAX","Box Truck","Transport Commercial","14 T","12 T","2026-04-09 15:24:46.305","2026-04-09 15:24:46.305"
"20","6704TU223","DAF","BAR","Semi-Trailer","Transport Commercial","24 T","21 T","2026-04-09 15:24:46.305","2026-04-09 15:24:46.305"
"21","8936TU190","Volvo","SFAX","Tanker","Transport Liquides","25 T","22 T","2026-04-09 15:24:46.305","2026-04-09 15:24:46.305"
"22","7781TU210","MAN","BAR","Flat Bed","Transport Commercial","20 T","18 T","2026-04-09 15:24:46.305","2026-04-09 15:24:46.305"
"23","8723TU196","Scania","SFAX","Semi-Trailer","Transport Commercial","25 T","22 T","2026-04-09 15:24:46.305","2026-04-09 15:24:46.305"
"24","2591TU257","DAF","BAR","Box Truck","Transport Commercial","14 T","12 T","2026-04-09 15:24:46.305","2026-04-09 15:24:46.305"
"25","2659TU216","Volvo","SFAX","Semi-Trailer","Transport Commercial","24 T","21 T","2026-04-09 15:24:46.305","2026-04-09 15:24:46.305"
"26","5408TU201","MAN","BAR","Tanker","Transport Liquides","20 T","18 T","2026-04-09 15:24:46.305","2026-04-09 15:24:46.305"
"27","8598TU202","Scania","SFAX","Flat Bed","Transport Équipements","25 T","22 T","2026-04-09 15:24:46.305","2026-04-09 15:24:46.305"
"28","4958TU204","DAF","BAR","Semi-Trailer","Transport Commercial","24 T","21 T","2026-04-09 15:24:46.305","2026-04-09 15:24:46.305"
"29","9131TU135","Volvo","SFAX","Box Truck","Transport Commercial","14 T","12 T","2026-04-09 15:24:46.305","2026-04-09 15:24:46.305"
"30","966TU216","MAN","BAR","Semi-Trailer","Transport Commercial","25 T","22 T","2026-04-09 15:24:46.305","2026-04-09 15:24:46.305"
"31","5112TU175","Scania","SFAX","Tanker","Transport Liquides","20 T","18 T","2026-04-09 15:24:46.305","2026-04-09 15:24:46.305"
"32","955TU177","DAF","BAR","Flat Bed","Transport Équipements","24 T","21 T","2026-04-09 15:24:46.305","2026-04-09 15:24:46.305"
"33","8339TU158","Volvo","SFAX","Semi-Trailer","Transport Commercial","25 T","22 T","2026-04-09 15:24:46.305","2026-04-09 15:24:46.305"
"34","8829TU197","MAN","BAR","Box Truck","Transport Commercial","14 T","12 T","2026-04-09 15:24:46.305","2026-04-09 15:24:46.305"
"35","9471TU205","Scania","SFAX","Semi-Trailer","Transport Commercial","24 T","21 T","2026-04-09 15:24:46.305","2026-04-09 15:24:46.305"
"36","2711TU210","DAF","BAR","Tanker","Transport Liquides","20 T","18 T","2026-04-09 15:24:46.305","2026-04-09 15:24:46.305"
"37","8050TU209","Volvo","SFAX","Flat Bed","Transport Commercial","25 T","22 T","2026-04-09 15:24:46.305","2026-04-09 15:24:46.305"
"38","713TU193","MAN","BAR","Semi-Trailer","Transport Commercial","24 T","21 T","2026-04-09 15:24:46.305","2026-04-09 15:24:46.305"
"39","8365TU215","Scania","SFAX","Box Truck","Transport Commercial","14 T","12 T","2026-04-09 15:24:46.305","2026-04-09 15:24:46.305"
"40","632TU203","DAF","BAR","Semi-Trailer","Transport Commercial","25 T","22 T","2026-04-09 15:24:46.305","2026-04-09 15:24:46.305"
"41","6705TU223","Volvo","SFAX","Tanker","Transport Liquides","20 T","18 T","2026-04-09 15:24:46.305","2026-04-09 15:24:46.305"
"42","2692TU198","MAN","BAR","Flat Bed","Transport Équipements","24 T","21 T","2026-04-09 15:24:46.305","2026-04-09 15:24:46.305"
"43","4965TU204","Scania","SFAX","Semi-Trailer","Transport Commercial","25 T","22 T","2026-04-09 15:24:46.305","2026-04-09 15:24:46.305"
"44","5017TU182","DAF","BAR","Box Truck","Transport Commercial","14 T","12 T","2026-04-09 15:24:46.305","2026-04-09 15:24:46.305"
"45","8364TU215","Volvo","SFAX","Semi-Trailer","Transport Commercial","24 T","21 T","2026-04-09 15:24:46.305","2026-04-09 15:24:46.305"
"46","1187TU202","MAN","BAR","Tanker","Transport Liquides","20 T","18 T","2026-04-09 15:24:46.305","2026-04-09 15:24:46.305"
"47","6084TU223","Scania","SFAX","Flat Bed","Transport Commercial","25 T","22 T","2026-04-09 15:24:46.305","2026-04-09 15:24:46.305"
"48","4935TU199","DAF","BAR","Semi-Trailer","Transport Commercial","24 T","21 T","2026-04-09 15:24:46.305","2026-04-09 15:24:46.305"
"49","1127TU183","Volvo","SFAX","Box Truck","Transport Commercial","14 T","12 T","2026-04-09 15:24:46.305","2026-04-09 15:24:46.305"
"50","168TU203","MAN","BAR","Semi-Trailer","Transport Commercial","25 T","22 T","2026-04-09 15:24:46.305","2026-04-09 15:24:46.305"
"51","9612TU204","Scania","SFAX","Tanker","Transport Liquides","20 T","18 T","2026-04-09 15:24:46.305","2026-04-09 15:24:46.305"
"52","2203TU185","DAF","BAR","Flat Bed","Transport Équipements","24 T","21 T","2026-04-09 15:24:46.305","2026-04-09 15:24:46.305"
"53","3839TU166","Volvo","SFAX","Semi-Trailer","Transport Commercial","25 T","22 T","2026-04-09 15:24:46.305","2026-04-09 15:24:46.305"
"54","9152TU197","MAN","BAR","Box Truck","Transport Commercial","14 T","12 T","2026-04-09 15:24:46.305","2026-04-09 15:24:46.305"
"55","622TU240","Scania","SFAX","Semi-Trailer","Transport Commercial","24 T","21 T","2026-04-09 15:24:46.305","2026-04-09 15:24:46.305"
"56","1131TU183","DAF","BAR","Tanker","Transport Liquides","20 T","18 T","2026-04-09 15:24:46.305","2026-04-09 15:24:46.305"
"57","4800TU230","Volvo","SFAX","Flat Bed","Transport Commercial","25 T","22 T","2026-04-09 15:24:46.305","2026-04-09 15:24:46.305"
"58","9070TU256","MAN","BAR","Semi-Trailer","Transport Commercial","24 T","21 T","2026-04-09 15:24:46.305","2026-04-09 15:24:46.305"
"59","530TU174","Scania","SFAX","Box Truck","Transport Commercial","14 T","12 T","2026-04-09 15:24:46.305","2026-04-09 15:24:46.305"
"60","6530TU223","DAF","BAR","Semi-Trailer","Transport Commercial","25 T","22 T","2026-04-09 15:24:46.305","2026-04-09 15:24:46.305"
"61","4832TU222","Volvo","SFAX","Tanker","Transport Liquides","20 T","18 T","2026-04-09 15:24:46.305","2026-04-09 15:24:46.305"
"62","1997TU181","MAN","BAR","Flat Bed","Transport Équipements","24 T","21 T","2026-04-09 15:24:46.305","2026-04-09 15:24:46.305"
"63","6071TU197","Scania","SFAX","Semi-Trailer","Transport Commercial","25 T","22 T","2026-04-09 15:24:46.305","2026-04-09 15:24:46.305"
"64","7065TU154","DAF","BAR","Box Truck","Transport Commercial","14 T","12 T","2026-04-09 15:24:46.305","2026-04-09 15:24:46.305"
"65","2599TU208","Volvo","SFAX","Semi-Trailer","Transport Commercial","24 T","21 T","2026-04-09 15:24:46.305","2026-04-09 15:24:46.305"
"66","4833TU222","MAN","BAR","Tanker","Transport Liquides","20 T","18 T","2026-04-09 15:24:46.305","2026-04-09 15:24:46.305"
"67","9914TU215","Scania","SFAX","Flat Bed","Transport Commercial","25 T","22 T","2026-04-09 15:24:46.305","2026-04-09 15:24:46.305"
"68","5197TU137","DAF","BAR","Semi-Trailer","Transport Commercial","24 T","21 T","2026-04-09 15:24:46.305","2026-04-09 15:24:46.305"
"69","636TU198","Volvo","SFAX","Box Truck","Transport Commercial","14 T","12 T","2026-04-09 15:24:46.305","2026-04-09 15:24:46.305"
"70","3414TU174","MAN","BAR","Semi-Trailer","Transport Commercial","25 T","22 T","2026-04-09 15:24:46.305","2026-04-09 15:24:46.305"
"71","4568TU169","Scania","SFAX","Tanker","Transport Liquides","20 T","18 T","2026-04-09 15:24:46.305","2026-04-09 15:24:46.305"
"72","7024TU189","DAF","BAR","Flat Bed","Transport Équipements","24 T","21 T","2026-04-09 15:24:46.305","2026-04-09 15:24:46.305"
"73","4601TU169","Volvo","SFAX","Semi-Trailer","Transport Commercial","25 T","22 T","2026-04-09 15:24:46.305","2026-04-09 15:24:46.305"
"74","2766TU229","MAN","BAR","Box Truck","Transport Commercial","14 T","12 T","2026-04-09 15:24:46.305","2026-04-09 15:24:46.305"
"75","2713TU210","Scania","SFAX","Semi-Trailer","Transport Commercial","24 T","21 T","2026-04-09 15:24:46.305","2026-04-09 15:24:46.305"
"76","6032TU258","DAF","BAR","Tanker","Transport Liquides","20 T","18 T","2026-04-09 15:24:46.305","2026-04-09 15:24:46.305"
"77","1773TU188","Volvo","SFAX","Flat Bed","Transport Commercial","25 T","22 T","2026-04-09 15:24:46.305","2026-04-09 15:24:46.305"
"78","1158TU195","MAN","BAR","Semi-Trailer","Transport Commercial","24 T","21 T","2026-04-09 15:24:46.305","2026-04-09 15:24:46.305"
"79","5404TU201","Scania","SFAX","Box Truck","Transport Commercial","14 T","12 T","2026-04-09 15:24:46.305","2026-04-09 15:24:46.305"
"80","3278TU198","DAF","BAR","Semi-Trailer","Transport Commercial","25 T","22 T","2026-04-09 15:24:46.305","2026-04-09 15:24:46.305"
"82","2155TU174","MAN","BAR","Flat Bed","Transport Équipements","24 T","21 T","2026-04-09 15:24:46.305","2026-04-09 15:24:46.305"
"83","9277TU230","Scania","SFAX","Semi-Trailer","Transport Commercial","25 T","22 T","2026-04-09 15:24:46.305","2026-04-09 15:24:46.305"
"84","1059TU189","DAF","BAR","Box Truck","Transport Commercial","14 T","12 T","2026-04-09 15:24:46.305","2026-04-09 15:24:46.305"
"85","1181TU202","Volvo","SFAX","Semi-Trailer","Transport Commercial","24 T","21 T","2026-04-09 15:24:46.305","2026-04-09 15:24:46.305"
"86","2774TU229","MAN","BAR","Tanker","Transport Liquides","20 T","18 T","2026-04-09 15:24:46.305","2026-04-09 15:24:46.305"
"87","1777TU188","Scania","SFAX","Flat Bed","Transport Commercial","25 T","22 T","2026-04-09 15:24:46.305","2026-04-09 15:24:46.305"
"88","760TU222","DAF","BAR","Semi-Trailer","Transport Commercial","24 T","21 T","2026-04-09 15:24:46.305","2026-04-09 15:24:46.305"
"89","4924TU199","Volvo","SFAX","Box Truck","Transport Commercial","14 T","12 T","2026-04-09 15:24:46.305","2026-04-09 15:24:46.305"
"90","5691TU185","MAN","BAR","Semi-Trailer","Transport Commercial","25 T","22 T","2026-04-09 15:24:46.305","2026-04-09 15:24:46.305"
"91","4579TU169","Scania","SFAX","Tanker","Transport Liquides","20 T","18 T","2026-04-09 15:24:46.305","2026-04-09 15:24:46.305"
"92","1080TU211","DAF","BAR","Flat Bed","Transport Équipements","24 T","21 T","2026-04-09 15:24:46.305","2026-04-09 15:24:46.305"
"93","2619TU188","Volvo","SFAX","Semi-Trailer","Transport Commercial","25 T","22 T","2026-04-09 15:24:46.305","2026-04-09 15:24:46.305"
"94","538TU189","MAN","BAR","Box Truck","Transport Commercial","14 T","12 T","2026-04-09 15:24:46.305","2026-04-09 15:24:46.305"
"95","9610TU204","Scania","SFAX","Semi-Trailer","Transport Commercial","24 T","21 T","2026-04-09 15:24:46.305","2026-04-09 15:24:46.305"
"96","900TU184","DAF","BAR","Tanker","Transport Liquides","20 T","18 T","2026-04-09 15:24:46.305","2026-04-09 15:24:46.305"
"97","1651TU212","Volvo","SFAX","Flat Bed","Transport Commercial","25 T","22 T","2026-04-09 15:24:46.305","2026-04-09 15:24:46.305"
"98","2150TU174","MAN","BAR","Semi-Trailer","Transport Commercial","24 T","21 T","2026-04-09 15:24:46.305","2026-04-09 15:24:46.305"
"99","9858TU243","Scania","SFAX","Box Truck","Transport Commercial","14 T","12 T","2026-04-09 15:24:46.305","2026-04-09 15:24:46.305"
"100","6306TU197","DAF","BAR","Semi-Trailer","Transport Commercial","25 T","22 T","2026-04-09 15:24:46.305","2026-04-09 15:24:46.305"
"101","4153TU122","Volvo","SFAX","Tanker","Transport Liquides","20 T","18 T","2026-04-09 15:24:46.305","2026-04-09 15:24:46.305"
"102","6049TU258","MAN","BAR","Flat Bed","Transport Équipements","24 T","21 T","2026-04-09 15:24:46.305","2026-04-09 15:24:46.305"
"103","2712TU210","Scania","SFAX","Semi-Trailer","Transport Commercial","25 T","22 T","2026-04-09 15:24:46.305","2026-04-09 15:24:46.305"
"104","596TU240","DAF","BAR","Box Truck","Transport Commercial","14 T","12 T","2026-04-09 15:24:46.305","2026-04-09 15:24:46.305"
"105","5084TU198","Volvo","SFAX","Semi-Trailer","Transport Commercial","24 T","21 T","2026-04-09 15:24:46.305","2026-04-09 15:24:46.305"
"106","7034TU189","MAN","BAR","Tanker","Transport Liquides","20 T","18 T","2026-04-09 15:24:46.305","2026-04-09 15:24:46.305"
"107","523TU186","Scania","SFAX","Flat Bed","Transport Commercial","25 T","22 T","2026-04-09 15:24:46.305","2026-04-09 15:24:46.305"
"108","7580TU181","DAF","BAR","Semi-Trailer","Transport Commercial","24 T","21 T","2026-04-09 15:24:46.305","2026-04-09 15:24:46.305"
"109","9288TU232","Volvo","SFAX","Box Truck","Transport Commercial","14 T","12 T","2026-04-09 15:24:46.305","2026-04-09 15:24:46.305"
"110","2918TU178","MAN","BAR","Semi-Trailer","Transport Commercial","25 T","22 T","2026-04-09 15:24:46.305","2026-04-09 15:24:46.305"
"111","9280TU199","Scania","SFAX","Tanker","Transport Liquides","20 T","18 T","2026-04-09 15:24:46.305","2026-04-09 15:24:46.305"
"112","8572TU232","DAF","BAR","Flat Bed","Transport Équipements","24 T","21 T","2026-04-09 15:24:46.305","2026-04-09 15:24:46.305"
"113","758TU222","Volvo","SFAX","Semi-Trailer","Transport Commercial","25 T","22 T","2026-04-09 15:24:46.305","2026-04-09 15:24:46.305"
"114","6154TU201","MAN","BAR","Box Truck","Transport Commercial","14 T","12 T","2026-04-09 15:24:46.305","2026-04-09 15:24:46.305"
"115","6476TU223","Scania","SFAX","Semi-Trailer","Transport Commercial","24 T","21 T","2026-04-09 15:24:46.305","2026-04-09 15:24:46.305"
"116","1104TU195","DAF","BAR","Tanker","Transport Liquides","20 T","18 T","2026-04-09 15:24:46.305","2026-04-09 15:24:46.305"
"117","CHFR_PARC","Mixed Fleet","BAR","Mixed","Parc Centralisé","Varies","Varies","2026-04-09 15:24:46.305","2026-04-09 15:24:46.305"
"118","4956TU204","Volvo","SFAX","Flat Bed","Transport Commercial","25 T","22 T","2026-04-09 15:24:46.305","2026-04-09 15:24:46.305"
"119","2169TU181","MAN","BAR","Semi-Trailer","Transport Commercial","24 T","21 T","2026-04-09 15:24:46.305","2026-04-09 15:24:46.305"
"120","2418TU216","Scania","SFAX","Box Truck","Transport Commercial","14 T","12 T","2026-04-09 15:24:46.305","2026-04-09 15:24:46.305"
"121","8697TU203","DAF","BAR","Semi-Trailer","Transport Commercial","25 T","22 T","2026-04-09 15:24:46.305","2026-04-09 15:24:46.305"
"122","2058TU229","Volvo","SFAX","Tanker","Transport Liquides","20 T","18 T","2026-04-09 15:24:46.305","2026-04-09 15:24:46.305"
"123","1185TU202","MAN","BAR","Flat Bed","Transport Équipements","24 T","21 T","2026-04-09 15:24:46.305","2026-04-09 15:24:46.305"
"124","7901TU191","Scania","SFAX","Semi-Trailer","Transport Commercial","25 T","22 T","2026-04-09 15:24:46.305","2026-04-09 15:24:46.305"
"125","9319TU202","DAF","BAR","Box Truck","Transport Commercial","14 T","12 T","2026-04-09 15:24:46.305","2026-04-09 15:24:46.305"
"126","4792TU230","Volvo","SFAX","Semi-Trailer","Transport Commercial","24 T","21 T","2026-04-09 15:24:46.305","2026-04-09 15:24:46.305"
"127","1652TU212","MAN","BAR","Tanker","Transport Liquides","20 T","18 T","2026-04-09 15:24:46.305","2026-04-09 15:24:46.305"
"128","4932TU199","Scania","SFAX","Flat Bed","Transport Commercial","25 T","22 T","2026-04-09 15:24:46.305","2026-04-09 15:24:46.305"
"129","9318TU181","DAF","BAR","Semi-Trailer","Transport Commercial","24 T","21 T","2026-04-09 15:24:46.305","2026-04-09 15:24:46.305"
"130","6529TU223","Volvo","SFAX","Box Truck","Transport Commercial","14 T","12 T","2026-04-09 15:24:46.305","2026-04-09 15:24:46.305"
"131","6820TU174","MAN","BAR","Semi-Trailer","Transport Commercial","25 T","22 T","2026-04-09 15:24:46.305","2026-04-09 15:24:46.305"
"132","9594TU202","Scania","SFAX","Tanker","Transport Liquides","20 T","18 T","2026-04-09 15:24:46.305","2026-04-09 15:24:46.305"
"133","7220TU189","DAF","BAR","Flat Bed","Transport Équipements","24 T","21 T","2026-04-09 15:24:46.305","2026-04-09 15:24:46.305"
"134","8567TU204","Volvo","SFAX","Semi-Trailer","Transport Commercial","25 T","22 T","2026-04-09 15:24:46.305","2026-04-09 15:24:46.305"
"135","2070TU214","MAN","BAR","Box Truck","Transport Commercial","14 T","12 T","2026-04-09 15:24:46.305","2026-04-09 15:24:46.305"
"136","4994TU211","Scania","SFAX","Semi-Trailer","Transport Commercial","24 T","21 T","2026-04-09 15:24:46.305","2026-04-09 15:24:46.305"
"137","159TU215","DAF","BAR","Tanker","Transport Liquides","20 T","18 T","2026-04-09 15:24:46.305","2026-04-09 15:24:46.305"
"138","283TU181","Volvo","SFAX","Flat Bed","Transport Commercial","25 T","22 T","2026-04-09 15:24:46.305","2026-04-09 15:24:46.305"
"139","539TU189","MAN","BAR","Semi-Trailer","Transport Commercial","24 T","21 T","2026-04-09 15:24:46.305","2026-04-09 15:24:46.305"
"140","7243TU194","Scania","SFAX","Box Truck","Transport Commercial","14 T","12 T","2026-04-09 15:24:46.305","2026-04-09 15:24:46.305"
"141","2921TU178","DAF","BAR","Semi-Trailer","Transport Commercial","25 T","22 T","2026-04-09 15:24:46.305","2026-04-09 15:24:46.305"
"142","8564TU232","Volvo","SFAX","Tanker","Transport Liquides","20 T","18 T","2026-04-09 15:24:46.305","2026-04-09 15:24:46.305"
"143","2695TU198","MAN","BAR","Flat Bed","Transport Équipements","24 T","21 T","2026-04-09 15:24:46.305","2026-04-09 15:24:46.305"
"144","4963TU204","Scania","SFAX","Semi-Trailer","Transport Commercial","25 T","22 T","2026-04-09 15:24:46.305","2026-04-09 15:24:46.305"
"145","6673TU193","DAF","BAR","Box Truck","Transport Commercial","14 T","12 T","2026-04-09 15:24:46.305","2026-04-09 15:24:46.305"
"146","2063TU203","Volvo","SFAX","Semi-Trailer","Transport Commercial","24 T","21 T","2026-04-09 15:24:46.305","2026-04-09 15:24:46.305"
"147","9277TU215","MAN","BAR","Tanker","Transport Liquides","20 T","18 T","2026-04-09 15:24:46.305","2026-04-09 15:24:46.305"
"148","3827TU166","Scania","SFAX","Flat Bed","Transport Commercial","25 T","22 T","2026-04-09 15:24:46.305","2026-04-09 15:24:46.305"
"149","8614TU188","DAF","BAR","Semi-Trailer","Transport Commercial","24 T","21 T","2026-04-09 15:24:46.305","2026-04-09 15:24:46.305"
"150","8317TU215","Volvo","SFAX","Box Truck","Transport Commercial","14 T","12 T","2026-04-09 15:24:46.305","2026-04-09 15:24:46.305"
"151","2471TU192","MAN","BAR","Semi-Trailer","Transport Commercial","25 T","22 T","2026-04-09 15:24:46.305","2026-04-09 15:24:46.305"
"152","5402TU201","Scania","SFAX","Tanker","Transport Liquides","20 T","18 T","2026-04-09 15:24:46.305","2026-04-09 15:24:46.305"
"153","2484TU192","DAF","BAR","Flat Bed","Transport Équipements","24 T","21 T","2026-04-09 15:24:46.305","2026-04-09 15:24:46.305"
"154","4597TU169","Volvo","SFAX","Semi-Trailer","Transport Commercial","25 T","22 T","2026-04-09 15:24:46.305","2026-04-09 15:24:46.305"
"155","901TU184","MAN","BAR","Box Truck","Transport Commercial","14 T","12 T","2026-04-09 15:24:46.305","2026-04-09 15:24:46.305"
"156","3143TU151","Scania","SFAX","Semi-Trailer","Transport Commercial","24 T","21 T","2026-04-09 15:24:46.305","2026-04-09 15:24:46.305"
"157","860TU201","DAF","BAR","Tanker","Transport Liquides","20 T","18 T","2026-04-09 15:24:46.305","2026-04-09 15:24:46.305"
"158","8176TU236","Volvo","SFAX","Flat Bed","Transport Commercial","25 T","22 T","2026-04-09 15:24:46.305","2026-04-09 15:24:46.305"
"159","1996TU181","MAN","BAR","Semi-Trailer","Transport Commercial","24 T","21 T","2026-04-09 15:24:46.305","2026-04-09 15:24:46.305"
"160","2820TU173","Scania","SFAX","Box Truck","Transport Commercial","14 T","12 T","2026-04-09 15:24:46.305","2026-04-09 15:24:46.305"
"161","8335TU215","DAF","BAR","Semi-Trailer","Transport Commercial","25 T","22 T","2026-04-09 15:24:46.305","2026-04-09 15:24:46.305"
"162","7819TU222","Volvo","SFAX","Tanker","Transport Liquides","20 T","18 T","2026-04-09 15:24:46.305","2026-04-09 15:24:46.305"
"163","601TU240","MAN","BAR","Flat Bed","Transport Équipements","24 T","21 T","2026-04-09 15:24:46.305","2026-04-09 15:24:46.305"
"164","6064TU197","Scania","SFAX","Semi-Trailer","Transport Commercial","25 T","22 T","2026-04-09 15:24:46.305","2026-04-09 15:24:46.305"
"165","967TU216","DAF","BAR","Box Truck","Transport Commercial","14 T","12 T","2026-04-09 15:24:46.305","2026-04-09 15:24:46.305"
"166","6351TU137","Volvo","SFAX","Semi-Trailer","Transport Commercial","24 T","21 T","2026-04-09 15:24:46.305","2026-04-09 15:24:46.305"
"167","5400TU201","MAN","BAR","Tanker","Transport Liquides","20 T","18 T","2026-04-09 15:24:46.305","2026-04-09 15:24:46.305"
"168","9300TU199","Scania","SFAX","Flat Bed","Transport Commercial","25 T","22 T","2026-04-09 15:24:46.305","2026-04-09 15:24:46.305"
"169","279TU181","DAF","BAR","Semi-Trailer","Transport Commercial","24 T","21 T","2026-04-09 15:24:46.305","2026-04-09 15:24:46.305"
"170","8046TU209","Volvo","SFAX","Box Truck","Transport Commercial","14 T","12 T","2026-04-09 15:24:46.305","2026-04-09 15:24:46.305"
"171","6688TU223","MAN","BAR","Semi-Trailer","Transport Commercial","25 T","22 T","2026-04-09 15:24:46.305","2026-04-09 15:24:46.305"
"172","9916TU215","Scania","SFAX","Tanker","Transport Liquides","20 T","18 T","2026-04-09 15:24:46.305","2026-04-09 15:24:46.305"
"173","958TU177","DAF","BAR","Flat Bed","Transport Équipements","24 T","21 T","2026-04-09 15:24:46.305","2026-04-09 15:24:46.305"
"174","8585TU202","Volvo","SFAX","Semi-Trailer","Transport Commercial","25 T","22 T","2026-04-09 15:24:46.305","2026-04-09 15:24:46.305"
"175","6302TU185","MAN","BAR","Box Truck","Transport Commercial","14 T","12 T","2026-04-09 15:24:46.305","2026-04-09 15:24:46.305"
"176","2773TU229","Scania","SFAX","Semi-Trailer","Transport Commercial","24 T","21 T","2026-04-09 15:24:46.305","2026-04-09 15:24:46.305"
"177","293TU244","DAF","BAR","Tanker","Transport Liquides","20 T","18 T","2026-04-09 15:24:46.305","2026-04-09 15:24:46.305"
"178","5086TU198","Volvo","SFAX","Flat Bed","Transport Commercial","25 T","22 T","2026-04-09 15:24:46.305","2026-04-09 15:24:46.305"
"179","2582TU180","MAN","BAR","Semi-Trailer","Transport Commercial","24 T","21 T","2026-04-09 15:24:46.305","2026-04-09 15:24:46.305"
"180","6990TU151","Scania","SFAX","Box Truck","Transport Commercial","14 T","12 T","2026-04-09 15:24:46.305","2026-04-09 15:24:46.305"
"181","9661TU177","DAF","BAR","Semi-Trailer","Transport Commercial","25 T","22 T","2026-04-09 15:24:46.305","2026-04-09 15:24:46.305"
"182","2770TU229","Volvo","SFAX","Tanker","Transport Liquides","20 T","18 T","2026-04-09 15:24:46.305","2026-04-09 15:24:46.305"
"183","8315TU215","MAN","BAR","Flat Bed","Transport Équipements","24 T","21 T","2026-04-09 15:24:46.305","2026-04-09 15:24:46.305"
"184","4899TU217","Scania","SFAX","Semi-Trailer","Transport Commercial","25 T","22 T","2026-04-09 15:24:46.305","2026-04-09 15:24:46.305"
"185","2290TU250","DAF","BAR","Box Truck","Transport Commercial","14 T","12 T","2026-04-09 15:24:46.305","2026-04-09 15:24:46.305"
"186","7558TU198","Volvo","SFAX","Semi-Trailer","Transport Commercial","24 T","21 T","2026-04-09 15:24:46.305","2026-04-09 15:24:46.305"
"187","6942TU217","MAN","BAR","Tanker","Transport Liquides","20 T","18 T","2026-04-09 15:24:46.305","2026-04-09 15:24:46.305"
"188","8363TU215","Scania","SFAX","Flat Bed","Transport Commercial","25 T","22 T","2026-04-09 15:24:46.305","2026-04-09 15:24:46.305"
"189","1098TU165","DAF","BAR","Semi-Trailer","Transport Commercial","24 T","21 T","2026-04-09 15:24:46.305","2026-04-09 15:24:46.305"
"190","321TU169","Volvo","SFAX","Box Truck","Transport Commercial","14 T","12 T","2026-04-09 15:24:46.305","2026-04-09 15:24:46.305"
"191","2380TU203","MAN","BAR","Semi-Trailer","Transport Commercial","25 T","22 T","2026-04-09 15:24:46.305","2026-04-09 15:24:46.305"
"192","3852TU248","Scania","SFAX","Tanker","Transport Liquides","20 T","18 T","2026-04-09 15:24:46.305","2026-04-09 15:24:46.305"
"193","3071TU181","DAF","BAR","Flat Bed","Transport Équipements","24 T","21 T","2026-04-09 15:24:46.305","2026-04-09 15:24:46.305"
"194","2222TU173","Volvo","SFAX","Semi-Trailer","Transport Commercial","25 T","22 T","2026-04-09 15:24:46.305","2026-04-09 15:24:46.305"
"195","2714TU210","MAN","BAR","Box Truck","Transport Commercial","14 T","12 T","2026-04-09 15:24:46.305","2026-04-09 15:24:46.305"
"196","2194TU185","Scania","SFAX","Semi-Trailer","Transport Commercial","24 T","21 T","2026-04-09 15:24:46.305","2026-04-09 15:24:46.305"
"197","8366TU215","DAF","BAR","Tanker","Transport Liquides","20 T","18 T","2026-04-09 15:24:46.305","2026-04-09 15:24:46.305"
"198","8009TU204","Volvo","SFAX","Flat Bed","Transport Commercial","25 T","22 T","2026-04-09 15:24:46.305","2026-04-09 15:24:46.305"
"199","8338TU215","MAN","BAR","Semi-Trailer","Transport Commercial","24 T","21 T","2026-04-09 15:24:46.305","2026-04-09 15:24:46.305"
"200","531TU157","Scania","SFAX","Box Truck","Transport Commercial","14 T","12 T","2026-04-09 15:24:46.305","2026-04-09 15:24:46.305"
"201","3851TU248","DAF","BAR","Semi-Trailer","Transport Commercial","25 T","22 T","2026-04-09 15:24:46.305","2026-04-09 15:24:46.305"
"202","2391TU130","Volvo","SFAX","Tanker","Transport Liquides","20 T","18 T","2026-04-09 15:24:46.305","2026-04-09 15:24:46.305"
"203","9110TU209","MAN","BAR","Flat Bed","Transport Équipements","24 T","21 T","2026-04-09 15:24:46.305","2026-04-09 15:24:46.305"
"204","5129TU203","Scania","SFAX","Semi-Trailer","Transport Commercial","25 T","22 T","2026-04-09 15:24:46.305","2026-04-09 15:24:46.305"
"205","6943TU166","DAF","BAR","Box Truck","Transport Commercial","14 T","12 T","2026-04-09 15:24:46.305","2026-04-09 15:24:46.305"
"206","8822TU197","Volvo","SFAX","Semi-Trailer","Transport Commercial","24 T","21 T","2026-04-09 15:24:46.305","2026-04-09 15:24:46.305"
"207","7444TU203","MAN","BAR","Tanker","Transport Liquides","20 T","18 T","2026-04-09 15:24:46.305","2026-04-09 15:24:46.305"
"208","8332TU215","Scania","SFAX","Flat Bed","Transport Commercial","25 T","22 T","2026-04-09 15:24:46.305","2026-04-09 15:24:46.305"
"209","9320TU202","DAF","BAR","Semi-Trailer","Transport Commercial","24 T","21 T","2026-04-09 15:24:46.305","2026-04-09 15:24:46.305"
"210","8941TU190","Volvo","SFAX","Box Truck","Transport Commercial","14 T","12 T","2026-04-09 15:24:46.305","2026-04-09 15:24:46.305"
"211","6675TU193","MAN","BAR","Semi-Trailer","Transport Commercial","25 T","22 T","2026-04-09 15:24:46.305","2026-04-09 15:24:46.305"
"212","2589TU257","Scania","SFAX","Tanker","Transport Liquides","20 T","18 T","2026-04-09 15:24:46.305","2026-04-09 15:24:46.305"
"213","4021TU176","DAF","BAR","Flat Bed","Transport Équipements","24 T","21 T","2026-04-09 15:24:46.305","2026-04-09 15:24:46.305"
"214","834TU181","Volvo","SFAX","Semi-Trailer","Transport Commercial","25 T","22 T","2026-04-09 15:24:46.305","2026-04-09 15:24:46.305"
"215","8169TU236","MAN","BAR","Box Truck","Transport Commercial","14 T","12 T","2026-04-09 15:24:46.305","2026-04-09 15:24:46.305"
"216","8580TU232","Scania","SFAX","Semi-Trailer","Transport Commercial","24 T","21 T","2026-04-09 15:24:46.305","2026-04-09 15:24:46.305"
"217","3229TU198","DAF","BAR","Tanker","Transport Liquides","20 T","18 T","2026-04-09 15:24:46.305","2026-04-09 15:24:46.305"
"218","5161TU158","Volvo","SFAX","Flat Bed","Transport Commercial","25 T","22 T","2026-04-09 15:24:46.305","2026-04-09 15:24:46.305"
"219","597TU240","MAN","BAR","Semi-Trailer","Transport Commercial","24 T","21 T","2026-04-09 15:24:46.305","2026-04-09 15:24:46.305"
"220","8572TU204","Scania","SFAX","Box Truck","Transport Commercial","14 T","12 T","2026-04-09 15:24:46.305","2026-04-09 15:24:46.305"
"221","8165TU236","DAF","BAR","Semi-Trailer","Transport Commercial","25 T","22 T","2026-04-09 15:24:46.305","2026-04-09 15:24:46.305"
"222","8012TU204","Volvo","SFAX","Tanker","Transport Liquides","20 T","18 T","2026-04-09 15:24:46.305","2026-04-09 15:24:46.305"
"223","2037TU197","MAN","BAR","Flat Bed","Transport Équipements","24 T","21 T","2026-04-09 15:24:46.305","2026-04-09 15:24:46.305"
"224","6033TU258","Scania","SFAX","Semi-Trailer","Transport Commercial","25 T","22 T","2026-04-09 15:24:46.305","2026-04-09 15:24:46.305"
"225","1087TU211","DAF","BAR","Box Truck","Transport Commercial","14 T","12 T","2026-04-09 15:24:46.305","2026-04-09 15:24:46.305"
"226","2374TU173","Volvo","SFAX","Semi-Trailer","Transport Commercial","24 T","21 T","2026-04-09 15:24:46.305","2026-04-09 15:24:46.305"
"227","3446TU174","MAN","BAR","Tanker","Transport Liquides","20 T","18 T","2026-04-09 15:24:46.305","2026-04-09 15:24:46.305"
"228","1229TU189","Scania","SFAX","Flat Bed","Transport Commercial","25 T","22 T","2026-04-09 15:24:46.305","2026-04-09 15:24:46.305"
"229","RS189327","Renault","BAR","Box Truck","Transport Commercial","14 T","12 T","2026-04-09 15:24:46.305","2026-04-09 15:24:46.305"
"230","9134TU135","DAF","SFAX","Semi-Trailer","Transport Commercial","25 T","22 T","2026-04-09 15:24:46.305","2026-04-09 15:24:46.305"
"231","2771TU229","Volvo","BAR","Tanker","Transport Liquides","20 T","18 T","2026-04-09 15:24:46.305","2026-04-09 15:24:46.305"
"232","3860TU194","MAN","SFAX","Flat Bed","Transport Équipements","24 T","21 T","2026-04-09 15:24:46.305","2026-04-09 15:24:46.305"
"233","6156TU201","Scania","BAR","Semi-Trailer","Transport Commercial","25 T","22 T","2026-04-09 15:24:46.305","2026-04-09 15:24:46.305"
"234","4789TU230","DAF","SFAX","Box Truck","Transport Commercial","14 T","12 T","2026-04-09 15:24:46.305","2026-04-09 15:24:46.305"
"235","1188TU202","Volvo","BAR","Semi-Trailer","Transport Commercial","24 T","21 T","2026-04-09 15:24:46.305","2026-04-09 15:24:46.305"
"236","4020TU173","MAN","SFAX","Tanker","Transport Liquides","20 T","18 T","2026-04-09 15:24:46.305","2026-04-09 15:24:46.305"
"237","5083TU175","Scania","BAR","Flat Bed","Transport Commercial","25 T","22 T","2026-04-09 15:24:46.305","2026-04-09 15:24:46.305"
"238","6060TU148","DAF","SFAX","Semi-Trailer","Transport Commercial","24 T","21 T","2026-04-09 15:24:46.305","2026-04-09 15:24:46.305"
"239","718TU193","Volvo","BAR","Box Truck","Transport Commercial","14 T","12 T","2026-04-09 15:24:46.305","2026-04-09 15:24:46.305"
"240","4593TU169","MAN","SFAX","Semi-Trailer","Transport Commercial","25 T","22 T","2026-04-09 15:24:46.305","2026-04-09 15:24:46.305"
"241","8226TU215","Scania","BAR","Tanker","Transport Liquides","20 T","18 T","2026-04-09 15:24:46.305","2026-04-09 15:24:46.305"
"242","7232TU194","DAF","SFAX","Flat Bed","Transport Équipements","24 T","21 T","2026-04-09 15:24:46.305","2026-04-09 15:24:46.305"
"243","8579TU232","Volvo","BAR","Semi-Trailer","Transport Commercial","25 T","22 T","2026-04-09 15:24:46.305","2026-04-09 15:24:46.305"
"244","6891TU219","MAN","SFAX","Box Truck","Transport Commercial","14 T","12 T","2026-04-09 15:24:46.305","2026-04-09 15:24:46.305"
"245","6311TU197","Scania","BAR","Semi-Trailer","Transport Commercial","24 T","21 T","2026-04-09 15:24:46.305","2026-04-09 15:24:46.305"
"246","9664TU177","DAF","SFAX","Tanker","Transport Liquides","20 T","18 T","2026-04-09 15:24:46.305","2026-04-09 15:24:46.305"
"247","7702TU202","Volvo","BAR","Flat Bed","Transport Commercial","25 T","22 T","2026-04-09 15:24:46.305","2026-04-09 15:24:46.305"
"248","2816TU173","MAN","SFAX","Semi-Trailer","Transport Commercial","24 T","21 T","2026-04-09 15:24:46.305","2026-04-09 15:24:46.305"
"249","9616TU204","Scania","BAR","Box Truck","Transport Commercial","14 T","12 T","2026-04-09 15:24:46.305","2026-04-09 15:24:46.305"
"250","9791TU215","DAF","SFAX","Semi-Trailer","Transport Commercial","25 T","22 T","2026-04-09 15:24:46.305","2026-04-09 15:24:46.305"
"251","7592TU181","Volvo","BAR","Tanker","Transport Liquides","20 T","18 T","2026-04-09 15:24:46.305","2026-04-09 15:24:46.305"
"252","2929TU178","MAN","SFAX","Flat Bed","Transport Équipements","24 T","21 T","2026-04-09 15:24:46.305","2026-04-09 15:24:46.305"
"253","7903TU191","Scania","BAR","Semi-Trailer","Transport Commercial","25 T","22 T","2026-04-09 15:24:46.305","2026-04-09 15:24:46.305"
"254","527TU174","DAF","SFAX","Box Truck","Transport Commercial","14 T","12 T","2026-04-09 15:24:46.305","2026-04-09 15:24:46.305"
"255","3826TU166","Volvo","BAR","Semi-Trailer","Transport Commercial","24 T","21 T","2026-04-09 15:24:46.305","2026-04-09 15:24:46.305"
"256","149TU249","MAN","SFAX","Tanker","Transport Liquides","20 T","18 T","2026-04-09 15:24:46.305","2026-04-09 15:24:46.305"
"257","5014TU203","Scania","BAR","Flat Bed","Transport Commercial","25 T","22 T","2026-04-09 15:24:46.305","2026-04-09 15:24:46.305"
"258","4931TU199","DAF","SFAX","Semi-Trailer","Transport Commercial","24 T","21 T","2026-04-09 15:24:46.305","2026-04-09 15:24:46.305"
"259","9657TU177","Volvo","BAR","Box Truck","Transport Commercial","14 T","12 T","2026-04-09 15:24:46.305","2026-04-09 15:24:46.305"
"260","621TU240","MAN","SFAX","Semi-Trailer","Transport Commercial","25 T","22 T","2026-04-09 15:24:46.305","2026-04-09 15:24:46.305"
"261","2769TU229","Scania","BAR","Tanker","Transport Liquides","20 T","18 T","2026-04-09 15:24:46.305","2026-04-09 15:24:46.305"
"262","6789TU194","DAF","SFAX","Flat Bed","Transport Équipements","24 T","21 T","2026-04-09 15:24:46.305","2026-04-09 15:24:46.305"
"263","9109TU209","Volvo","BAR","Semi-Trailer","Transport Commercial","25 T","22 T","2026-04-09 15:24:46.305","2026-04-09 15:24:46.305"
"264","8336TU215","MAN","SFAX","Box Truck","Transport Commercial","14 T","12 T","2026-04-09 15:24:46.305","2026-04-09 15:24:46.305"
"265","6155TU201","Scania","BAR","Semi-Trailer","Transport Commercial","24 T","21 T","2026-04-09 15:24:46.305","2026-04-09 15:24:46.305"
"266","2772TU229","DAF","SFAX","Tanker","Transport Liquides","20 T","18 T","2026-04-09 15:24:46.305","2026-04-09 15:24:46.305"
"267","531TU174","Volvo","BAR","Flat Bed","Transport Commercial","25 T","22 T","2026-04-09 15:24:46.305","2026-04-09 15:24:46.305"
"268","2573TU195","MAN","SFAX","Semi-Trailer","Transport Commercial","24 T","21 T","2026-04-09 15:24:46.305","2026-04-09 15:24:46.305"
"269","8333TU215","Scania","BAR","Box Truck","Transport Commercial","14 T","12 T","2026-04-09 15:24:46.305","2026-04-09 15:24:46.305"
"270","2156TU174","DAF","SFAX","Semi-Trailer","Transport Commercial","25 T","22 T","2026-04-09 15:24:46.305","2026-04-09 15:24:46.305"
"271","8331TU215","Volvo","BAR","Tanker","Transport Liquides","20 T","18 T","2026-04-09 15:24:46.305","2026-04-09 15:24:46.305"
"272","6684TU223","MAN","SFAX","Flat Bed","Transport Équipements","24 T","21 T","2026-04-09 15:24:46.305","2026-04-09 15:24:46.305"
