"id","nom","prenom","cin","email","tel","employee_id","password_hash","camion","created_at","updated_at"
"315","Mansour","Karim","AA123456","karim.mansour@fleet.local","+21620000000","DRV-00412","$2b$10$O2Kw5S1bRBlPgsPWi1erpuRlBvJOS8OFUDryBPhFzaoQwfy4m0LOG","1003TU216","2026-04-10 16:13:29.739946","2026-04-10 16:28:28.410935"
"1","KHMAIES","ABBES","CIN000001","abbes.khmaies.1@mock.local","98766374","DRV-00001","$2b$10$3QxGUYlyhQ8x7x8cJ7M3k.WvVDYxjJx7ynqQWiwxupCSvJ0puG1HS",NULL,"2026-04-10 16:04:30.045306","2026-04-10 16:04:30.045306"
"2","BACEM","ABDALLAH","CIN000002","abdallah.bacem.2@mock.local","98757496","DRV-00002","$2b$10$3QxGUYlyhQ8x7x8cJ7M3k.WvVDYxjJx7ynqQWiwxupCSvJ0puG1HS",NULL,"2026-04-10 16:04:30.045306","2026-04-10 16:04:30.045306"
"3","HAMDI","ABDELAOUI","CIN000003","abdelaoui.hamdi.3@mock.local","98782115","DRV-00003","$2b$10$3QxGUYlyhQ8x7x8cJ7M3k.WvVDYxjJx7ynqQWiwxupCSvJ0puG1HS",NULL,"2026-04-10 16:04:30.045306","2026-04-10 16:04:30.045306"
"4","RAMZI","ABDELAOUI","CIN000004","abdelaoui.ramzi.4@mock.local","98751092","DRV-00004","$2b$10$3QxGUYlyhQ8x7x8cJ7M3k.WvVDYxjJx7ynqQWiwxupCSvJ0puG1HS",NULL,"2026-04-10 16:04:30.045306","2026-04-10 16:04:30.045306"
"5","EL MEJRI","ABDELKADER","CIN000005","abdelkader.el.mejri.5@mock.local","98766381","DRV-00005","$2b$10$3QxGUYlyhQ8x7x8cJ7M3k.WvVDYxjJx7ynqQWiwxupCSvJ0puG1HS",NULL,"2026-04-10 16:04:30.045306","2026-04-10 16:04:30.045306"
"6","FAYCEL","ABDELLAOUI","CIN000006","abdellaoui.faycel.6@mock.local","98757469","DRV-00006","$2b$10$3QxGUYlyhQ8x7x8cJ7M3k.WvVDYxjJx7ynqQWiwxupCSvJ0puG1HS",NULL,"2026-04-10 16:04:30.045306","2026-04-10 16:04:30.045306"
"7","HAMADI","ABDELLAOUI","CIN000007","abdellaoui.hamadi.7@mock.local","99681359","DRV-00007","$2b$10$3QxGUYlyhQ8x7x8cJ7M3k.WvVDYxjJx7ynqQWiwxupCSvJ0puG1HS",NULL,"2026-04-10 16:04:30.045306","2026-04-10 16:04:30.045306"
"8","OTHMEN","ABDELLAOUI","CIN000008","abdellaoui.othmen.8@mock.local","98194223","DRV-00008","$2b$10$3QxGUYlyhQ8x7x8cJ7M3k.WvVDYxjJx7ynqQWiwxupCSvJ0puG1HS",NULL,"2026-04-10 16:04:30.045306","2026-04-10 16:04:30.045306"
"9","Ben Zaied","Abderrahim","CIN000009","abderrahim.ben.zaied.9@mock.local","98752915","DRV-00009","$2b$10$3QxGUYlyhQ8x7x8cJ7M3k.WvVDYxjJx7ynqQWiwxupCSvJ0puG1HS",NULL,"2026-04-10 16:04:30.045306","2026-04-10 16:04:30.045306"
"10","HICHEM","ABDERRAHIM","CIN000010","abderrahim.hichem.10@mock.local","98194233","DRV-00010","$2b$10$3QxGUYlyhQ8x7x8cJ7M3k.WvVDYxjJx7ynqQWiwxupCSvJ0puG1HS",NULL,"2026-04-10 16:04:30.045306","2026-04-10 16:04:30.045306"
"11","NACEF","ABID","CIN000011","abid.nacef.11@mock.local","98194224","DRV-00011","$2b$10$3QxGUYlyhQ8x7x8cJ7M3k.WvVDYxjJx7ynqQWiwxupCSvJ0puG1HS",NULL,"2026-04-10 16:04:30.045306","2026-04-10 16:04:30.045306"
"12","AMER","ABKI","CIN000012","abki.amer.12@mock.local","98781925","DRV-00012","$2b$10$3QxGUYlyhQ8x7x8cJ7M3k.WvVDYxjJx7ynqQWiwxupCSvJ0puG1HS",NULL,"2026-04-10 16:04:30.045306","2026-04-10 16:04:30.045306"
"13","BELGHITH","ACHREF","CIN000013","achref.belghith.13@mock.local","98757441","DRV-00013","$2b$10$3QxGUYlyhQ8x7x8cJ7M3k.WvVDYxjJx7ynqQWiwxupCSvJ0puG1HS",NULL,"2026-04-10 16:04:30.045306","2026-04-10 16:04:30.045306"
"14","FADHEL","ACHREF","CIN000014","achref.fadhel.14@mock.local","98724240","DRV-00014","$2b$10$3QxGUYlyhQ8x7x8cJ7M3k.WvVDYxjJx7ynqQWiwxupCSvJ0puG1HS",NULL,"2026-04-10 16:04:30.045306","2026-04-10 16:04:30.045306"
"15","BALAAZI","ADEL","CIN000015","adel.balaazi.15@mock.local","98766373","DRV-00015","$2b$10$3QxGUYlyhQ8x7x8cJ7M3k.WvVDYxjJx7ynqQWiwxupCSvJ0puG1HS",NULL,"2026-04-10 16:04:30.045306","2026-04-10 16:04:30.045306"
"16","YAHIA","AGERBAOUI","CIN000016","agerbaoui.yahia.16@mock.local","98747806","DRV-00016","$2b$10$3QxGUYlyhQ8x7x8cJ7M3k.WvVDYxjJx7ynqQWiwxupCSvJ0puG1HS",NULL,"2026-04-10 16:04:30.045306","2026-04-10 16:04:30.045306"
"17","MARWEN","AGILI","CIN000017","agili.marwen.17@mock.local","98747834","DRV-00017","$2b$10$3QxGUYlyhQ8x7x8cJ7M3k.WvVDYxjJx7ynqQWiwxupCSvJ0puG1HS",NULL,"2026-04-10 16:04:30.045306","2026-04-10 16:04:30.045306"
"18","SALEM","AGURBEOUI","CIN000018","agurbeoui.salem.18@mock.local","98759554","DRV-00018","$2b$10$3QxGUYlyhQ8x7x8cJ7M3k.WvVDYxjJx7ynqQWiwxupCSvJ0puG1HS",NULL,"2026-04-10 16:04:30.045306","2026-04-10 16:04:30.045306"
"19","BEN AMOR","AHMED","CIN000019","ahmed.ben.amor.19@mock.local","98766354","DRV-00019","$2b$10$3QxGUYlyhQ8x7x8cJ7M3k.WvVDYxjJx7ynqQWiwxupCSvJ0puG1HS",NULL,"2026-04-10 16:04:30.045306","2026-04-10 16:04:30.045306"
"20","BOUGHRARA","AHMED","CIN000020","ahmed.boughrara.20@mock.local","99955864","DRV-00020","$2b$10$3QxGUYlyhQ8x7x8cJ7M3k.WvVDYxjJx7ynqQWiwxupCSvJ0puG1HS",NULL,"2026-04-10 16:04:30.045306","2026-04-10 16:04:30.045306"
"21","CHERNI","AHMED","CIN000021","ahmed.cherni.21@mock.local","98770954","DRV-00021","$2b$10$3QxGUYlyhQ8x7x8cJ7M3k.WvVDYxjJx7ynqQWiwxupCSvJ0puG1HS",NULL,"2026-04-10 16:04:30.045306","2026-04-10 16:04:30.045306"
"22","GHOUL","AHMED","CIN000022","ahmed.ghoul.22@mock.local","97529922","DRV-00022","$2b$10$3QxGUYlyhQ8x7x8cJ7M3k.WvVDYxjJx7ynqQWiwxupCSvJ0puG1HS",NULL,"2026-04-10 16:04:30.045306","2026-04-10 16:04:30.045306"
"23","MASHOULI","AHMED","CIN000023","ahmed.mashouli.23@mock.local","97093274","DRV-00023","$2b$10$3QxGUYlyhQ8x7x8cJ7M3k.WvVDYxjJx7ynqQWiwxupCSvJ0puG1HS",NULL,"2026-04-10 16:04:30.045306","2026-04-10 16:04:30.045306"
"24","YACOUB","AHMED","CIN000024","ahmed.yacoub.24@mock.local","98757448","DRV-00024","$2b$10$3QxGUYlyhQ8x7x8cJ7M3k.WvVDYxjJx7ynqQWiwxupCSvJ0puG1HS",NULL,"2026-04-10 16:04:30.045306","2026-04-10 16:04:30.045306"
"25","ZRAMDA","AHMED","CIN000025","ahmed.zramda.25@mock.local","92782993","DRV-00025","$2b$10$3QxGUYlyhQ8x7x8cJ7M3k.WvVDYxjJx7ynqQWiwxupCSvJ0puG1HS",NULL,"2026-04-10 16:04:30.045306","2026-04-10 16:04:30.045306"
"26","HCINE","ALI","CIN000026","ali.hcine.26@mock.local","98759573","DRV-00026","$2b$10$3QxGUYlyhQ8x7x8cJ7M3k.WvVDYxjJx7ynqQWiwxupCSvJ0puG1HS",NULL,"2026-04-10 16:04:30.045306","2026-04-10 16:04:30.045306"
"27","KRIDENNE","ALI","CIN000027","ali.kridenne.27@mock.local","98752782","DRV-00027","$2b$10$3QxGUYlyhQ8x7x8cJ7M3k.WvVDYxjJx7ynqQWiwxupCSvJ0puG1HS",NULL,"2026-04-10 16:04:30.045306","2026-04-10 16:04:30.045306"
"28","ABDLKARIM","ALOUI","CIN000028","aloui.abdlkarim.28@mock.local",NULL,"DRV-00028","$2b$10$3QxGUYlyhQ8x7x8cJ7M3k.WvVDYxjJx7ynqQWiwxupCSvJ0puG1HS",NULL,"2026-04-10 16:04:30.045306","2026-04-10 16:04:30.045306"
"29","LASSOUED","AMIR","CIN000029","amir.lassoued.29@mock.local","98786657","DRV-00029","$2b$10$3QxGUYlyhQ8x7x8cJ7M3k.WvVDYxjJx7ynqQWiwxupCSvJ0puG1HS",NULL,"2026-04-10 16:04:30.045306","2026-04-10 16:04:30.045306"
"30","MONTASSAR","AMMAR","CIN000030","ammar.montassar.30@mock.local","98747831","DRV-00030","$2b$10$3QxGUYlyhQ8x7x8cJ7M3k.WvVDYxjJx7ynqQWiwxupCSvJ0puG1HS",NULL,"2026-04-10 16:04:30.045306","2026-04-10 16:04:30.045306"
"31","ABDELKARIME","AMOR","CIN000031","amor.abdelkarime.31@mock.local","98194218","DRV-00031","$2b$10$3QxGUYlyhQ8x7x8cJ7M3k.WvVDYxjJx7ynqQWiwxupCSvJ0puG1HS",NULL,"2026-04-10 16:04:30.045306","2026-04-10 16:04:30.045306"
"32","ANOUAR","AMRI","CIN000032","amri.anouar.32@mock.local","98752534","DRV-00032","$2b$10$3QxGUYlyhQ8x7x8cJ7M3k.WvVDYxjJx7ynqQWiwxupCSvJ0puG1HS",NULL,"2026-04-10 16:04:30.045306","2026-04-10 16:04:30.045306"
"33","SKANDER","AMRI","CIN000033","amri.skander.33@mock.local","93595920","DRV-00033","$2b$10$3QxGUYlyhQ8x7x8cJ7M3k.WvVDYxjJx7ynqQWiwxupCSvJ0puG1HS",NULL,"2026-04-10 16:04:30.045306","2026-04-10 16:04:30.045306"
"34","ARFAOUI","ANAS","CIN000034","anas.arfaoui.34@mock.local","98756807","DRV-00034","$2b$10$3QxGUYlyhQ8x7x8cJ7M3k.WvVDYxjJx7ynqQWiwxupCSvJ0puG1HS",NULL,"2026-04-10 16:04:30.045306","2026-04-10 16:04:30.045306"
"35","BEN MANSOUR","ANWER","CIN000035","anwer.ben.mansour.35@mock.local","98770981","DRV-00035","$2b$10$3QxGUYlyhQ8x7x8cJ7M3k.WvVDYxjJx7ynqQWiwxupCSvJ0puG1HS",NULL,"2026-04-10 16:04:30.045306","2026-04-10 16:04:30.045306"
"36","MONCEF","AOUNALLI","CIN000036","aounalli.moncef.36@mock.local","98747823","DRV-00036","$2b$10$3QxGUYlyhQ8x7x8cJ7M3k.WvVDYxjJx7ynqQWiwxupCSvJ0puG1HS",NULL,"2026-04-10 16:04:30.045306","2026-04-10 16:04:30.045306"
"37","MOHAMED","AROUSI","CIN000037","arousi.mohamed.37@mock.local","99237596","DRV-00037","$2b$10$3QxGUYlyhQ8x7x8cJ7M3k.WvVDYxjJx7ynqQWiwxupCSvJ0puG1HS",NULL,"2026-04-10 16:04:30.045306","2026-04-10 16:04:30.045306"
"38","BOUSEHA","ASSILI","CIN000038","assili.bouseha.38@mock.local","98766357","DRV-00038","$2b$10$3QxGUYlyhQ8x7x8cJ7M3k.WvVDYxjJx7ynqQWiwxupCSvJ0puG1HS",NULL,"2026-04-10 16:04:30.045306","2026-04-10 16:04:30.045306"
"39","TWAHNI","ATEF","CIN000039","atef.twahni.39@mock.local","98192623","DRV-00039","$2b$10$3QxGUYlyhQ8x7x8cJ7M3k.WvVDYxjJx7ynqQWiwxupCSvJ0puG1HS",NULL,"2026-04-10 16:04:30.045306","2026-04-10 16:04:30.045306"
"40","HABIB","AYED","CIN000040","ayed.habib.40@mock.local","92855637","DRV-00040","$2b$10$3QxGUYlyhQ8x7x8cJ7M3k.WvVDYxjJx7ynqQWiwxupCSvJ0puG1HS",NULL,"2026-04-10 16:04:30.045306","2026-04-10 16:04:30.045306"
"41","BOUSLEMA - LOC SOFIEN","AYMEN","CIN000041","aymen.bouslema.loc.sofien.41@mock.local",NULL,"DRV-00041","$2b$10$3QxGUYlyhQ8x7x8cJ7M3k.WvVDYxjJx7ynqQWiwxupCSvJ0puG1HS",NULL,"2026-04-10 16:04:30.045306","2026-04-10 16:04:30.045306"
"42","HAMMEMI","AYMEN","CIN000042","aymen.hammemi.42@mock.local","96531493","DRV-00042","$2b$10$3QxGUYlyhQ8x7x8cJ7M3k.WvVDYxjJx7ynqQWiwxupCSvJ0puG1HS",NULL,"2026-04-10 16:04:30.045306","2026-04-10 16:04:30.045306"
"43","JABNOUNI","AYMEN","CIN000043","aymen.jabnouni.43@mock.local","28023882","DRV-00043","$2b$10$3QxGUYlyhQ8x7x8cJ7M3k.WvVDYxjJx7ynqQWiwxupCSvJ0puG1HS",NULL,"2026-04-10 16:04:30.045306","2026-04-10 16:04:30.045306"
"44","JEDIDI","AYMEN","CIN000044","aymen.jedidi.44@mock.local","98775358","DRV-00044","$2b$10$3QxGUYlyhQ8x7x8cJ7M3k.WvVDYxjJx7ynqQWiwxupCSvJ0puG1HS",NULL,"2026-04-10 16:04:30.045306","2026-04-10 16:04:30.045306"
"45","Louati","Aymen","CIN000045","aymen.louati.45@mock.local","55221641","DRV-00045","$2b$10$3QxGUYlyhQ8x7x8cJ7M3k.WvVDYxjJx7ynqQWiwxupCSvJ0puG1HS",NULL,"2026-04-10 16:04:30.045306","2026-04-10 16:04:30.045306"
"46","RAOUIF","BACCOUCHI","CIN000046","baccouchi.raouif.46@mock.local","98770956","DRV-00046","$2b$10$3QxGUYlyhQ8x7x8cJ7M3k.WvVDYxjJx7ynqQWiwxupCSvJ0puG1HS",NULL,"2026-04-10 16:04:30.045306","2026-04-10 16:04:30.045306"
"47","BEN BRAHEM - RTS GHARBI","BACEM","CIN000047","bacem.ben.brahem.rts.gharbi.47@mock.local","29300144","DRV-00047","$2b$10$3QxGUYlyhQ8x7x8cJ7M3k.WvVDYxjJx7ynqQWiwxupCSvJ0puG1HS",NULL,"2026-04-10 16:04:30.045306","2026-04-10 16:04:30.045306"
"48","MOHAMED","BAHLOULI","CIN000048","bahlouli.mohamed.48@mock.local","98781978","DRV-00048","$2b$10$3QxGUYlyhQ8x7x8cJ7M3k.WvVDYxjJx7ynqQWiwxupCSvJ0puG1HS",NULL,"2026-04-10 16:04:30.045306","2026-04-10 16:04:30.045306"
"49","MAHDI","BAHRI","CIN000049","bahri.mahdi.49@mock.local","98747843","DRV-00049","$2b$10$3QxGUYlyhQ8x7x8cJ7M3k.WvVDYxjJx7ynqQWiwxupCSvJ0puG1HS",NULL,"2026-04-10 16:04:30.045306","2026-04-10 16:04:30.045306"
"50","SEIFEDDINE","BAHRI","CIN000050","bahri.seifeddine.50@mock.local","99957456","DRV-00050","$2b$10$3QxGUYlyhQ8x7x8cJ7M3k.WvVDYxjJx7ynqQWiwxupCSvJ0puG1HS",NULL,"2026-04-10 16:04:30.045306","2026-04-10 16:04:30.045306"
"51","FAHEM","BALAAZI","CIN000051","balaazi.fahem.51@mock.local","98757468","DRV-00051","$2b$10$3QxGUYlyhQ8x7x8cJ7M3k.WvVDYxjJx7ynqQWiwxupCSvJ0puG1HS",NULL,"2026-04-10 16:04:30.045306","2026-04-10 16:04:30.045306"
"52","FEDI","BALAAZI","CIN000052","balaazi.fedi.52@mock.local","98770975","DRV-00052","$2b$10$3QxGUYlyhQ8x7x8cJ7M3k.WvVDYxjJx7ynqQWiwxupCSvJ0puG1HS",NULL,"2026-04-10 16:04:30.045306","2026-04-10 16:04:30.045306"
"53","IMED","BALAAZI","CIN000053","balaazi.imed.53@mock.local","98782152","DRV-00053","$2b$10$3QxGUYlyhQ8x7x8cJ7M3k.WvVDYxjJx7ynqQWiwxupCSvJ0puG1HS",NULL,"2026-04-10 16:04:30.045306","2026-04-10 16:04:30.045306"
"54","JILANI","BALAAZI","CIN000054","balaazi.jilani.54@mock.local","98770950","DRV-00054","$2b$10$3QxGUYlyhQ8x7x8cJ7M3k.WvVDYxjJx7ynqQWiwxupCSvJ0puG1HS",NULL,"2026-04-10 16:04:30.045306","2026-04-10 16:04:30.045306"
"55","NAJEH","BALAAZI","CIN000055","balaazi.najeh.55@mock.local","98759580","DRV-00055","$2b$10$3QxGUYlyhQ8x7x8cJ7M3k.WvVDYxjJx7ynqQWiwxupCSvJ0puG1HS",NULL,"2026-04-10 16:04:30.045306","2026-04-10 16:04:30.045306"
"56","WISSEM","BALAAZI","CIN000056","balaazi.wissem.56@mock.local","98766379","DRV-00056","$2b$10$3QxGUYlyhQ8x7x8cJ7M3k.WvVDYxjJx7ynqQWiwxupCSvJ0puG1HS",NULL,"2026-04-10 16:04:30.045306","2026-04-10 16:04:30.045306"
"57","BECHIR","BALOUMI","CIN000057","baloumi.bechir.57@mock.local","98782129","DRV-00057","$2b$10$3QxGUYlyhQ8x7x8cJ7M3k.WvVDYxjJx7ynqQWiwxupCSvJ0puG1HS",NULL,"2026-04-10 16:04:30.045306","2026-04-10 16:04:30.045306"
"58","MABROUK","BARKAOUI","CIN000058","barkaoui.mabrouk.58@mock.local","98194217","DRV-00058","$2b$10$3QxGUYlyhQ8x7x8cJ7M3k.WvVDYxjJx7ynqQWiwxupCSvJ0puG1HS",NULL,"2026-04-10 16:04:30.045306","2026-04-10 16:04:30.045306"
"59","JENDOUBI","BASSIM","CIN000059","bassim.jendoubi.59@mock.local","98192610","DRV-00059","$2b$10$3QxGUYlyhQ8x7x8cJ7M3k.WvVDYxjJx7ynqQWiwxupCSvJ0puG1HS",NULL,"2026-04-10 16:04:30.045306","2026-04-10 16:04:30.045306"
"60","HAZEM","BATTOUR","CIN000060","battour.hazem.60@mock.local","98751222","DRV-00060","$2b$10$3QxGUYlyhQ8x7x8cJ7M3k.WvVDYxjJx7ynqQWiwxupCSvJ0puG1HS",NULL,"2026-04-10 16:04:30.045306","2026-04-10 16:04:30.045306"
"61","MHADHEB","BECHIKH","CIN000061","bechikh.mhadheb.61@mock.local","98782168","DRV-00061","$2b$10$3QxGUYlyhQ8x7x8cJ7M3k.WvVDYxjJx7ynqQWiwxupCSvJ0puG1HS",NULL,"2026-04-10 16:04:30.045306","2026-04-10 16:04:30.045306"
"62","BEN AMOR","BECHIR","CIN000062","bechir.ben.amor.62@mock.local","92111950","DRV-00062","$2b$10$3QxGUYlyhQ8x7x8cJ7M3k.WvVDYxjJx7ynqQWiwxupCSvJ0puG1HS",NULL,"2026-04-10 16:04:30.045306","2026-04-10 16:04:30.045306"
"63","HASSEN MOEZ","BEL","CIN000063","bel.hassen.moez.63@mock.local","98724277","DRV-00063","$2b$10$3QxGUYlyhQ8x7x8cJ7M3k.WvVDYxjJx7ynqQWiwxupCSvJ0puG1HS",NULL,"2026-04-10 16:04:30.045306","2026-04-10 16:04:30.045306"
"64","MED NACEUR","BELCHIKH","CIN000064","belchikh.med.naceur.64@mock.local","98192640","DRV-00064","$2b$10$3QxGUYlyhQ8x7x8cJ7M3k.WvVDYxjJx7ynqQWiwxupCSvJ0puG1HS",NULL,"2026-04-10 16:04:30.045306","2026-04-10 16:04:30.045306"
"65","BELGHITH","BELGACEM","CIN000065","belgacem.belghith.65@mock.local","98194210","DRV-00065","$2b$10$3QxGUYlyhQ8x7x8cJ7M3k.WvVDYxjJx7ynqQWiwxupCSvJ0puG1HS",NULL,"2026-04-10 16:04:30.045306","2026-04-10 16:04:30.045306"
"66","AHMED MOHAMED EL MONJI","BEN","CIN000066","ben.ahmed.mohamed.el.monji.66@mock.local","98794346","DRV-00066","$2b$10$3QxGUYlyhQ8x7x8cJ7M3k.WvVDYxjJx7ynqQWiwxupCSvJ0puG1HS",NULL,"2026-04-10 16:04:30.045306","2026-04-10 16:04:30.045306"
"67","ALI BELGACEM","BEN","CIN000067","ben.ali.belgacem.67@mock.local","98756811","DRV-00067","$2b$10$3QxGUYlyhQ8x7x8cJ7M3k.WvVDYxjJx7ynqQWiwxupCSvJ0puG1HS",NULL,"2026-04-10 16:04:30.045306","2026-04-10 16:04:30.045306"
"68","AMMAR ANOUAR","BEN","CIN000068","ben.ammar.anouar.68@mock.local","92202742","DRV-00068","$2b$10$3QxGUYlyhQ8x7x8cJ7M3k.WvVDYxjJx7ynqQWiwxupCSvJ0puG1HS",NULL,"2026-04-10 16:04:30.045306","2026-04-10 16:04:30.045306"
"69","BRAHIM ABDELKADER","BEN","CIN000069","ben.brahim.abdelkader.69@mock.local","98724279","DRV-00069","$2b$10$3QxGUYlyhQ8x7x8cJ7M3k.WvVDYxjJx7ynqQWiwxupCSvJ0puG1HS",NULL,"2026-04-10 16:04:30.045306","2026-04-10 16:04:30.045306"
"70","BRAHIM NIZAR","BEN","CIN000070","ben.brahim.nizar.70@mock.local","92940112","DRV-00070","$2b$10$3QxGUYlyhQ8x7x8cJ7M3k.WvVDYxjJx7ynqQWiwxupCSvJ0puG1HS",NULL,"2026-04-10 16:04:30.045306","2026-04-10 16:04:30.045306"
"71","HMIDA SOFIENNE","BEN","CIN000071","ben.hmida.sofienne.71@mock.local","98751118","DRV-00071","$2b$10$3QxGUYlyhQ8x7x8cJ7M3k.WvVDYxjJx7ynqQWiwxupCSvJ0puG1HS",NULL,"2026-04-10 16:04:30.045306","2026-04-10 16:04:30.045306"
"72","HSSINE BILEL","BEN","CIN000072","ben.hssine.bilel.72@mock.local","99387077","DRV-00072","$2b$10$3QxGUYlyhQ8x7x8cJ7M3k.WvVDYxjJx7ynqQWiwxupCSvJ0puG1HS",NULL,"2026-04-10 16:04:30.045306","2026-04-10 16:04:30.045306"
"73","ISSMAIL KOUSAI","BEN","CIN000073","ben.issmail.kousai.73@mock.local","98757476","DRV-00073","$2b$10$3QxGUYlyhQ8x7x8cJ7M3k.WvVDYxjJx7ynqQWiwxupCSvJ0puG1HS",NULL,"2026-04-10 16:04:30.045306","2026-04-10 16:04:30.045306"
"74","JOMAA FAOUZI","BEN","CIN000074","ben.jomaa.faouzi.74@mock.local","98192644","DRV-00074","$2b$10$3QxGUYlyhQ8x7x8cJ7M3k.WvVDYxjJx7ynqQWiwxupCSvJ0puG1HS",NULL,"2026-04-10 16:04:30.045306","2026-04-10 16:04:30.045306"
"75","KHELIFA AKREM","BEN","CIN000075","ben.khelifa.akrem.75@mock.local","98194206","DRV-00075","$2b$10$3QxGUYlyhQ8x7x8cJ7M3k.WvVDYxjJx7ynqQWiwxupCSvJ0puG1HS",NULL,"2026-04-10 16:04:30.045306","2026-04-10 16:04:30.045306"
"76","NAFKHA MOHAMMED NASER","BEN","CIN000076","ben.nafkha.mohammed.naser.76@mock.local","98724237","DRV-00076","$2b$10$3QxGUYlyhQ8x7x8cJ7M3k.WvVDYxjJx7ynqQWiwxupCSvJ0puG1HS",NULL,"2026-04-10 16:04:30.045306","2026-04-10 16:04:30.045306"
"77","OTHMAN MAHER","BEN","CIN000077","ben.othman.maher.77@mock.local","98757464","DRV-00077","$2b$10$3QxGUYlyhQ8x7x8cJ7M3k.WvVDYxjJx7ynqQWiwxupCSvJ0puG1HS",NULL,"2026-04-10 16:04:30.045306","2026-04-10 16:04:30.045306"
"78","OTHMEN KARIM","BEN","CIN000078","ben.othmen.karim.78@mock.local","92162478","DRV-00078","$2b$10$3QxGUYlyhQ8x7x8cJ7M3k.WvVDYxjJx7ynqQWiwxupCSvJ0puG1HS",NULL,"2026-04-10 16:04:30.045306","2026-04-10 16:04:30.045306"
"79","ROMDHANE MOHAMED","BEN","CIN000079","ben.romdhane.mohamed.79@mock.local","98751282","DRV-00079","$2b$10$3QxGUYlyhQ8x7x8cJ7M3k.WvVDYxjJx7ynqQWiwxupCSvJ0puG1HS",NULL,"2026-04-10 16:04:30.045306","2026-04-10 16:04:30.045306"
"80","ROMDHANE RIADH","BEN","CIN000080","ben.romdhane.riadh.80@mock.local","98724275","DRV-00080","$2b$10$3QxGUYlyhQ8x7x8cJ7M3k.WvVDYxjJx7ynqQWiwxupCSvJ0puG1HS",NULL,"2026-04-10 16:04:30.045306","2026-04-10 16:04:30.045306"
"81","SAAD MOHAMED AMINE","BEN","CIN000081","ben.saad.mohamed.amine.81@mock.local","98757499","DRV-00081","$2b$10$3QxGUYlyhQ8x7x8cJ7M3k.WvVDYxjJx7ynqQWiwxupCSvJ0puG1HS",NULL,"2026-04-10 16:04:30.045306","2026-04-10 16:04:30.045306"
"82","SAAD SALEM","BEN","CIN000082","ben.saad.salem.82@mock.local","98786684","DRV-00082","$2b$10$3QxGUYlyhQ8x7x8cJ7M3k.WvVDYxjJx7ynqQWiwxupCSvJ0puG1HS",NULL,"2026-04-10 16:04:30.045306","2026-04-10 16:04:30.045306"
"83","SALAH ELYES","BEN","CIN000083","ben.salah.elyes.83@mock.local","98786686","DRV-00083","$2b$10$3QxGUYlyhQ8x7x8cJ7M3k.WvVDYxjJx7ynqQWiwxupCSvJ0puG1HS",NULL,"2026-04-10 16:04:30.045306","2026-04-10 16:04:30.045306"
"84","SALAH HEDI","BEN","CIN000084","ben.salah.hedi.84@mock.local","98794381","DRV-00084","$2b$10$3QxGUYlyhQ8x7x8cJ7M3k.WvVDYxjJx7ynqQWiwxupCSvJ0puG1HS",NULL,"2026-04-10 16:04:30.045306","2026-04-10 16:04:30.045306"
"85","SALEM ABDELKARIM","BEN","CIN000085","ben.salem.abdelkarim.85@mock.local","98752963","DRV-00085","$2b$10$3QxGUYlyhQ8x7x8cJ7M3k.WvVDYxjJx7ynqQWiwxupCSvJ0puG1HS",NULL,"2026-04-10 16:04:30.045306","2026-04-10 16:04:30.045306"
"86","SLIMEN MOHAMED","BEN","CIN000086","ben.slimen.mohamed.86@mock.local","98179704","DRV-00086","$2b$10$3QxGUYlyhQ8x7x8cJ7M3k.WvVDYxjJx7ynqQWiwxupCSvJ0puG1HS",NULL,"2026-04-10 16:04:30.045306","2026-04-10 16:04:30.045306"
"87","SMIDA ANIS","BEN","CIN000087","ben.smida.anis.87@mock.local","98781903","DRV-00087","$2b$10$3QxGUYlyhQ8x7x8cJ7M3k.WvVDYxjJx7ynqQWiwxupCSvJ0puG1HS",NULL,"2026-04-10 16:04:30.045306","2026-04-10 16:04:30.045306"
"88","TALEB NASRI","BEN","CIN000088","ben.taleb.nasri.88@mock.local","98192615","DRV-00088","$2b$10$3QxGUYlyhQ8x7x8cJ7M3k.WvVDYxjJx7ynqQWiwxupCSvJ0puG1HS",NULL,"2026-04-10 16:04:30.045306","2026-04-10 16:04:30.045306"
"89","TOUATI KHALIL","BEN","CIN000089","ben.touati.khalil.89@mock.local","98179737","DRV-00089","$2b$10$3QxGUYlyhQ8x7x8cJ7M3k.WvVDYxjJx7ynqQWiwxupCSvJ0puG1HS",NULL,"2026-04-10 16:04:30.045306","2026-04-10 16:04:30.045306"
"90","YAAICH BASSEM","BEN","CIN000090","ben.yaaich.bassem.90@mock.local","98759544","DRV-00090","$2b$10$3QxGUYlyhQ8x7x8cJ7M3k.WvVDYxjJx7ynqQWiwxupCSvJ0puG1HS",NULL,"2026-04-10 16:04:30.045306","2026-04-10 16:04:30.045306"
"91","DHAHRI","BILEL","CIN000091","bilel.dhahri.91@mock.local","98770983","DRV-00091","$2b$10$3QxGUYlyhQ8x7x8cJ7M3k.WvVDYxjJx7ynqQWiwxupCSvJ0puG1HS",NULL,"2026-04-10 16:04:30.045306","2026-04-10 16:04:30.045306"
"92","Mabrouk","Bilel","CIN000092","bilel.mabrouk.92@mock.local","98179742","DRV-00092","$2b$10$3QxGUYlyhQ8x7x8cJ7M3k.WvVDYxjJx7ynqQWiwxupCSvJ0puG1HS",NULL,"2026-04-10 16:04:30.045306","2026-04-10 16:04:30.045306"
"93","OUERHENI","BILEL","CIN000093","bilel.ouerheni.93@mock.local","98192631","DRV-00093","$2b$10$3QxGUYlyhQ8x7x8cJ7M3k.WvVDYxjJx7ynqQWiwxupCSvJ0puG1HS",NULL,"2026-04-10 16:04:30.045306","2026-04-10 16:04:30.045306"
"94","KARIM","BOUAZZA","CIN000094","bouazza.karim.94@mock.local","98775353","DRV-00094","$2b$10$3QxGUYlyhQ8x7x8cJ7M3k.WvVDYxjJx7ynqQWiwxupCSvJ0puG1HS",NULL,"2026-04-10 16:04:30.045306","2026-04-10 16:04:30.045306"
"95","KHALED","BOUGATEFA","CIN000095","bougatefa.khaled.95@mock.local","99428687","DRV-00095","$2b$10$3QxGUYlyhQ8x7x8cJ7M3k.WvVDYxjJx7ynqQWiwxupCSvJ0puG1HS",NULL,"2026-04-10 16:04:30.045306","2026-04-10 16:04:30.045306"
"96","SALAH","BOUGHANMI","CIN000096","boughanmi.salah.96@mock.local","98766361","DRV-00096","$2b$10$3QxGUYlyhQ8x7x8cJ7M3k.WvVDYxjJx7ynqQWiwxupCSvJ0puG1HS",NULL,"2026-04-10 16:04:30.045306","2026-04-10 16:04:30.045306"
"97","ALI","BOUJLIDA","CIN000097","boujlida.ali.97@mock.local","98786656","DRV-00097","$2b$10$3QxGUYlyhQ8x7x8cJ7M3k.WvVDYxjJx7ynqQWiwxupCSvJ0puG1HS",NULL,"2026-04-10 16:04:30.045306","2026-04-10 16:04:30.045306"
"98","JEDIDI","BOUKACHABIA","CIN000098","boukachabia.jedidi.98@mock.local","98766356","DRV-00098","$2b$10$3QxGUYlyhQ8x7x8cJ7M3k.WvVDYxjJx7ynqQWiwxupCSvJ0puG1HS",NULL,"2026-04-10 16:04:30.045306","2026-04-10 16:04:30.045306"
"99","AMEUR","BOUKADI","CIN000099","boukadi.ameur.99@mock.local","93589647","DRV-00099","$2b$10$3QxGUYlyhQ8x7x8cJ7M3k.WvVDYxjJx7ynqQWiwxupCSvJ0puG1HS",NULL,"2026-04-10 16:04:30.045306","2026-04-10 16:04:30.045306"
"100","AYMEN","BOUNEB","CIN000100","bouneb.aymen.100@mock.local","98757465","DRV-00100","$2b$10$3QxGUYlyhQ8x7x8cJ7M3k.WvVDYxjJx7ynqQWiwxupCSvJ0puG1HS",NULL,"2026-04-10 16:04:30.045306","2026-04-10 16:04:30.045306"
"101","OUSSAMA","BOUSMINA","CIN000101","bousmina.oussama.101@mock.local","98781999","DRV-00101","$2b$10$3QxGUYlyhQ8x7x8cJ7M3k.WvVDYxjJx7ynqQWiwxupCSvJ0puG1HS",NULL,"2026-04-10 16:04:30.045306","2026-04-10 16:04:30.045306"
"102","ANOUAR","BOUSNINA","CIN000102","bousnina.anouar.102@mock.local","98759574","DRV-00102","$2b$10$3QxGUYlyhQ8x7x8cJ7M3k.WvVDYxjJx7ynqQWiwxupCSvJ0puG1HS",NULL,"2026-04-10 16:04:30.045306","2026-04-10 16:04:30.045306"
"103","HAMDI","CHAABANE","CIN000103","chaabane.hamdi.103@mock.local","93074964","DRV-00103","$2b$10$3QxGUYlyhQ8x7x8cJ7M3k.WvVDYxjJx7ynqQWiwxupCSvJ0puG1HS",NULL,"2026-04-10 16:04:30.045306","2026-04-10 16:04:30.045306"
"104","AHMED","CHABBI","CIN000104","chabbi.ahmed.104@mock.local","98759572","DRV-00104","$2b$10$3QxGUYlyhQ8x7x8cJ7M3k.WvVDYxjJx7ynqQWiwxupCSvJ0puG1HS",NULL,"2026-04-10 16:04:30.045306","2026-04-10 16:04:30.045306"
"105","ABDERRAHMEN","CHAMEKH","CIN000105","chamekh.abderrahmen.105@mock.local","93595927","DRV-00105","$2b$10$3QxGUYlyhQ8x7x8cJ7M3k.WvVDYxjJx7ynqQWiwxupCSvJ0puG1HS",NULL,"2026-04-10 16:04:30.045306","2026-04-10 16:04:30.045306"
"106","KAIS","CHAMEKH","CIN000106","chamekh.kais.106@mock.local","98192614","DRV-00106","$2b$10$3QxGUYlyhQ8x7x8cJ7M3k.WvVDYxjJx7ynqQWiwxupCSvJ0puG1HS",NULL,"2026-04-10 16:04:30.045306","2026-04-10 16:04:30.045306"
"107","DABBOUB","CHAMSEDDINE","CIN000107","chamseddine.dabboub.107@mock.local","92441052","DRV-00107","$2b$10$3QxGUYlyhQ8x7x8cJ7M3k.WvVDYxjJx7ynqQWiwxupCSvJ0puG1HS",NULL,"2026-04-10 16:04:30.045306","2026-04-10 16:04:30.045306"
"108","TABII","CHAMSI","CIN000108","chamsi.tabii.108@mock.local","99243915","DRV-00108","$2b$10$3QxGUYlyhQ8x7x8cJ7M3k.WvVDYxjJx7ynqQWiwxupCSvJ0puG1HS",NULL,"2026-04-10 16:04:30.045306","2026-04-10 16:04:30.045306"
"109","MOHAMED","CHAOUALI","CIN000109","chaouali.mohamed.109@mock.local","92114168","DRV-00109","$2b$10$3QxGUYlyhQ8x7x8cJ7M3k.WvVDYxjJx7ynqQWiwxupCSvJ0puG1HS",NULL,"2026-04-10 16:04:30.045306","2026-04-10 16:04:30.045306"
"110","Ben Slimen","Chaouki","CIN000110","chaouki.ben.slimen.110@mock.local","93559374","DRV-00110","$2b$10$3QxGUYlyhQ8x7x8cJ7M3k.WvVDYxjJx7ynqQWiwxupCSvJ0puG1HS",NULL,"2026-04-10 16:04:30.045306","2026-04-10 16:04:30.045306"
"111","HAKIM","CHIBANI","CIN000111","chibani.hakim.111@mock.local","98759585","DRV-00111","$2b$10$3QxGUYlyhQ8x7x8cJ7M3k.WvVDYxjJx7ynqQWiwxupCSvJ0puG1HS",NULL,"2026-04-10 16:04:30.045306","2026-04-10 16:04:30.045306"
"112","HELMI","CHIHI","CIN000112","chihi.helmi.112@mock.local","98","DRV-00112","$2b$10$3QxGUYlyhQ8x7x8cJ7M3k.WvVDYxjJx7ynqQWiwxupCSvJ0puG1HS",NULL,"2026-04-10 16:04:30.045306","2026-04-10 16:04:30.045306"
"113","FERID","CHIIBI","CIN000113","chiibi.ferid.113@mock.local","92937954","DRV-00113","$2b$10$3QxGUYlyhQ8x7x8cJ7M3k.WvVDYxjJx7ynqQWiwxupCSvJ0puG1HS",NULL,"2026-04-10 16:04:30.045306","2026-04-10 16:04:30.045306"
"114","AMRI","CHOKRI","CIN000114","chokri.amri.114@mock.local","98724257","DRV-00114","$2b$10$3QxGUYlyhQ8x7x8cJ7M3k.WvVDYxjJx7ynqQWiwxupCSvJ0puG1HS",NULL,"2026-04-10 16:04:30.045306","2026-04-10 16:04:30.045306"
"115","ABDERAZEK","CHOUCHEN","CIN000115","chouchen.abderazek.115@mock.local","98759522","DRV-00115","$2b$10$3QxGUYlyhQ8x7x8cJ7M3k.WvVDYxjJx7ynqQWiwxupCSvJ0puG1HS",NULL,"2026-04-10 16:04:30.045306","2026-04-10 16:04:30.045306"
"116","MOHAMED","DAHMEN","CIN000116","dahmen.mohamed.116@mock.local","98752606","DRV-00116","$2b$10$3QxGUYlyhQ8x7x8cJ7M3k.WvVDYxjJx7ynqQWiwxupCSvJ0puG1HS",NULL,"2026-04-10 16:04:30.045306","2026-04-10 16:04:30.045306"
"117","NADHIR","DALDOUL","CIN000117","daldoul.nadhir.117@mock.local","98752638","DRV-00117","$2b$10$3QxGUYlyhQ8x7x8cJ7M3k.WvVDYxjJx7ynqQWiwxupCSvJ0puG1HS",NULL,"2026-04-10 16:04:30.045306","2026-04-10 16:04:30.045306"
"118","ALI","DAMERJI","CIN000118","damerji.ali.118@mock.local","98757490","DRV-00118","$2b$10$3QxGUYlyhQ8x7x8cJ7M3k.WvVDYxjJx7ynqQWiwxupCSvJ0puG1HS",NULL,"2026-04-10 16:04:30.045306","2026-04-10 16:04:30.045306"
"119","RAMI","DEBBICHE","CIN000119","debbiche.rami.119@mock.local","28992357","DRV-00119","$2b$10$3QxGUYlyhQ8x7x8cJ7M3k.WvVDYxjJx7ynqQWiwxupCSvJ0puG1HS",NULL,"2026-04-10 16:04:30.045306","2026-04-10 16:04:30.045306"
"120","MECHRGUI","DHAHBI","CIN000120","dhahbi.mechrgui.120@mock.local",NULL,"DRV-00120","$2b$10$3QxGUYlyhQ8x7x8cJ7M3k.WvVDYxjJx7ynqQWiwxupCSvJ0puG1HS",NULL,"2026-04-10 16:04:30.045306","2026-04-10 16:04:30.045306"
"121","AYMEN","DHAOUI","CIN000121","dhaoui.aymen.121@mock.local","98786691","DRV-00121","$2b$10$3QxGUYlyhQ8x7x8cJ7M3k.WvVDYxjJx7ynqQWiwxupCSvJ0puG1HS",NULL,"2026-04-10 16:04:30.045306","2026-04-10 16:04:30.045306"
"122","HMIDA","DHIA","CIN000122","dhia.hmida.122@mock.local","93474825","DRV-00122","$2b$10$3QxGUYlyhQ8x7x8cJ7M3k.WvVDYxjJx7ynqQWiwxupCSvJ0puG1HS",NULL,"2026-04-10 16:04:30.045306","2026-04-10 16:04:30.045306"
"123","LASSAD","DRIDI","CIN000123","dridi.lassad.123@mock.local","98757445","DRV-00123","$2b$10$3QxGUYlyhQ8x7x8cJ7M3k.WvVDYxjJx7ynqQWiwxupCSvJ0puG1HS",NULL,"2026-04-10 16:04:30.045306","2026-04-10 16:04:30.045306"
"124","ABASSI MANSOUR","EL","CIN000124","el.abassi.mansour.124@mock.local","98782150","DRV-00124","$2b$10$3QxGUYlyhQ8x7x8cJ7M3k.WvVDYxjJx7ynqQWiwxupCSvJ0puG1HS",NULL,"2026-04-10 16:04:30.045306","2026-04-10 16:04:30.045306"
"125","RACHED","ELBEJI","CIN000125","elbeji.rached.125@mock.local","98194228","DRV-00125","$2b$10$3QxGUYlyhQ8x7x8cJ7M3k.WvVDYxjJx7ynqQWiwxupCSvJ0puG1HS",NULL,"2026-04-10 16:04:30.045306","2026-04-10 16:04:30.045306"
"126","BENOTHMEN","ELYES","CIN000126","elyes.benothmen.126@mock.local","92764673","DRV-00126","$2b$10$3QxGUYlyhQ8x7x8cJ7M3k.WvVDYxjJx7ynqQWiwxupCSvJ0puG1HS",NULL,"2026-04-10 16:04:30.045306","2026-04-10 16:04:30.045306"
"127","RADWANI","ELYES","CIN000127","elyes.radwani.127@mock.local","98759566","DRV-00127","$2b$10$3QxGUYlyhQ8x7x8cJ7M3k.WvVDYxjJx7ynqQWiwxupCSvJ0puG1HS",NULL,"2026-04-10 16:04:30.045306","2026-04-10 16:04:30.045306"
"128","ADEL","FADAOUI","CIN000128","fadaoui.adel.128@mock.local","98781949","DRV-00128","$2b$10$3QxGUYlyhQ8x7x8cJ7M3k.WvVDYxjJx7ynqQWiwxupCSvJ0puG1HS",NULL,"2026-04-10 16:04:30.045306","2026-04-10 16:04:30.045306"
"129","FTOUHI","FAHMI","CIN000129","fahmi.ftouhi.129@mock.local","96529702","DRV-00129","$2b$10$3QxGUYlyhQ8x7x8cJ7M3k.WvVDYxjJx7ynqQWiwxupCSvJ0puG1HS",NULL,"2026-04-10 16:04:30.045306","2026-04-10 16:04:30.045306"
"130","BELAAZI","FAKHRI","CIN000130","fakhri.belaazi.130@mock.local","98752626","DRV-00130","$2b$10$3QxGUYlyhQ8x7x8cJ7M3k.WvVDYxjJx7ynqQWiwxupCSvJ0puG1HS",NULL,"2026-04-10 16:04:30.045306","2026-04-10 16:04:30.045306"
"131","AMEUR","FAKRAOUI","CIN000131","fakraoui.ameur.131@mock.local","98770958","DRV-00131","$2b$10$3QxGUYlyhQ8x7x8cJ7M3k.WvVDYxjJx7ynqQWiwxupCSvJ0puG1HS",NULL,"2026-04-10 16:04:30.045306","2026-04-10 16:04:30.045306"
"132","LASSAAD","FAREH","CIN000132","fareh.lassaad.132@mock.local","98757446","DRV-00132","$2b$10$3QxGUYlyhQ8x7x8cJ7M3k.WvVDYxjJx7ynqQWiwxupCSvJ0puG1HS",NULL,"2026-04-10 16:04:30.045306","2026-04-10 16:04:30.045306"
"133","TALBI","FAROUK","CIN000133","farouk.talbi.133@mock.local","94484998","DRV-00133","$2b$10$3QxGUYlyhQ8x7x8cJ7M3k.WvVDYxjJx7ynqQWiwxupCSvJ0puG1HS",NULL,"2026-04-10 16:04:30.045306","2026-04-10 16:04:30.045306"
"134","BEN OTHMEN","FATHI","CIN000134","fathi.ben.othmen.134@mock.local","98782172","DRV-00134","$2b$10$3QxGUYlyhQ8x7x8cJ7M3k.WvVDYxjJx7ynqQWiwxupCSvJ0puG1HS",NULL,"2026-04-10 16:04:30.045306","2026-04-10 16:04:30.045306"
"135","MHADHBI","FEDI","CIN000135","fedi.mhadhbi.135@mock.local","98752948","DRV-00135","$2b$10$3QxGUYlyhQ8x7x8cJ7M3k.WvVDYxjJx7ynqQWiwxupCSvJ0puG1HS",NULL,"2026-04-10 16:04:30.045306","2026-04-10 16:04:30.045306"
"136","ZRIBI","FIRAS","CIN000136","firas.zribi.136@mock.local","98752951","DRV-00136","$2b$10$3QxGUYlyhQ8x7x8cJ7M3k.WvVDYxjJx7ynqQWiwxupCSvJ0puG1HS",NULL,"2026-04-10 16:04:30.045306","2026-04-10 16:04:30.045306"
"137","MOHAMED","FOURATI","CIN000137","fourati.mohamed.137@mock.local","98782184","DRV-00137","$2b$10$3QxGUYlyhQ8x7x8cJ7M3k.WvVDYxjJx7ynqQWiwxupCSvJ0puG1HS",NULL,"2026-04-10 16:04:30.045306","2026-04-10 16:04:30.045306"
"138","MOEZ","FRADJ","CIN000138","fradj.moez.138@mock.local","93725489","DRV-00138","$2b$10$3QxGUYlyhQ8x7x8cJ7M3k.WvVDYxjJx7ynqQWiwxupCSvJ0puG1HS",NULL,"2026-04-10 16:04:30.045306","2026-04-10 16:04:30.045306"
"139","BELGACEM","GASSOUMI","CIN000139","gassoumi.belgacem.139@mock.local","98194219","DRV-00139","$2b$10$3QxGUYlyhQ8x7x8cJ7M3k.WvVDYxjJx7ynqQWiwxupCSvJ0puG1HS",NULL,"2026-04-10 16:04:30.045306","2026-04-10 16:04:30.045306"
"140","FETHI","GASSOUMI","CIN000140","gassoumi.fethi.140@mock.local","98192608","DRV-00140","$2b$10$3QxGUYlyhQ8x7x8cJ7M3k.WvVDYxjJx7ynqQWiwxupCSvJ0puG1HS",NULL,"2026-04-10 16:04:30.045306","2026-04-10 16:04:30.045306"
"141","JAMEZI","GHAITH","CIN000141","ghaith.jamezi.141@mock.local","92677286","DRV-00141","$2b$10$3QxGUYlyhQ8x7x8cJ7M3k.WvVDYxjJx7ynqQWiwxupCSvJ0puG1HS",NULL,"2026-04-10 16:04:30.045306","2026-04-10 16:04:30.045306"
"142","MAROUEN","GHARBI","CIN000142","gharbi.marouen.142@mock.local","98775357","DRV-00142","$2b$10$3QxGUYlyhQ8x7x8cJ7M3k.WvVDYxjJx7ynqQWiwxupCSvJ0puG1HS",NULL,"2026-04-10 16:04:30.045306","2026-04-10 16:04:30.045306"
"143","MED ALI","GHARBI","CIN000143","gharbi.med.ali.143@mock.local","98757443","DRV-00143","$2b$10$3QxGUYlyhQ8x7x8cJ7M3k.WvVDYxjJx7ynqQWiwxupCSvJ0puG1HS",NULL,"2026-04-10 16:04:30.045306","2026-04-10 16:04:30.045306"
"144","MOHAMMED","GHARIANI","CIN000144","ghariani.mohammed.144@mock.local","98752653","DRV-00144","$2b$10$3QxGUYlyhQ8x7x8cJ7M3k.WvVDYxjJx7ynqQWiwxupCSvJ0puG1HS",NULL,"2026-04-10 16:04:30.045306","2026-04-10 16:04:30.045306"
"145","SOUSSI","GHAZI","CIN000145","ghazi.soussi.145@mock.local","94391391","DRV-00145","$2b$10$3QxGUYlyhQ8x7x8cJ7M3k.WvVDYxjJx7ynqQWiwxupCSvJ0puG1HS",NULL,"2026-04-10 16:04:30.045306","2026-04-10 16:04:30.045306"
"146","MOHAMED","GUASSOUMI","CIN000146","guassoumi.mohamed.146@mock.local","98757497","DRV-00146","$2b$10$3QxGUYlyhQ8x7x8cJ7M3k.WvVDYxjJx7ynqQWiwxupCSvJ0puG1HS",NULL,"2026-04-10 16:04:30.045306","2026-04-10 16:04:30.045306"
"147","LASSAAD","GUEBSSI","CIN000147","guebssi.lassaad.147@mock.local","98766399","DRV-00147","$2b$10$3QxGUYlyhQ8x7x8cJ7M3k.WvVDYxjJx7ynqQWiwxupCSvJ0puG1HS",NULL,"2026-04-10 16:04:30.045306","2026-04-10 16:04:30.045306"
"148","HASSEN","GUITOUNI","CIN000148","guitouni.hassen.148@mock.local","98794348","DRV-00148","$2b$10$3QxGUYlyhQ8x7x8cJ7M3k.WvVDYxjJx7ynqQWiwxupCSvJ0puG1HS",NULL,"2026-04-10 16:04:30.045306","2026-04-10 16:04:30.045306"
"149","MATHLOUTHI- RTS GHARBI","HAFEDH","CIN000149","hafedh.mathlouthi.rts.gharbi.149@mock.local",NULL,"DRV-00149","$2b$10$3QxGUYlyhQ8x7x8cJ7M3k.WvVDYxjJx7ynqQWiwxupCSvJ0puG1HS",NULL,"2026-04-10 16:04:30.045306","2026-04-10 16:04:30.045306"
"150","MRABET","HAMDI","CIN000150","hamdi.mrabet.150@mock.local","92242297","DRV-00150","$2b$10$3QxGUYlyhQ8x7x8cJ7M3k.WvVDYxjJx7ynqQWiwxupCSvJ0puG1HS",NULL,"2026-04-10 16:04:30.045306","2026-04-10 16:04:30.045306"
"151","KAIS","HAMMAMI","CIN000151","hammami.kais.151@mock.local","98775351","DRV-00151","$2b$10$3QxGUYlyhQ8x7x8cJ7M3k.WvVDYxjJx7ynqQWiwxupCSvJ0puG1HS",NULL,"2026-04-10 16:04:30.045306","2026-04-10 16:04:30.045306"
"152","SLAH","HAMMAMI","CIN000152","hammami.slah.152@mock.local","98781909","DRV-00152","$2b$10$3QxGUYlyhQ8x7x8cJ7M3k.WvVDYxjJx7ynqQWiwxupCSvJ0puG1HS",NULL,"2026-04-10 16:04:30.045306","2026-04-10 16:04:30.045306"
"153","ALI","HAMMOUDA","CIN000153","hammouda.ali.153@mock.local","98770982","DRV-00153","$2b$10$3QxGUYlyhQ8x7x8cJ7M3k.WvVDYxjJx7ynqQWiwxupCSvJ0puG1HS",NULL,"2026-04-10 16:04:30.045306","2026-04-10 16:04:30.045306"
"154","BEN ALAYA","HAMZA","CIN000154","hamza.ben.alaya.154@mock.local","98782149","DRV-00154","$2b$10$3QxGUYlyhQ8x7x8cJ7M3k.WvVDYxjJx7ynqQWiwxupCSvJ0puG1HS",NULL,"2026-04-10 16:04:30.045306","2026-04-10 16:04:30.045306"
"155","CHARFI","HAMZA","CIN000155","hamza.charfi.155@mock.local","20991856","DRV-00155","$2b$10$3QxGUYlyhQ8x7x8cJ7M3k.WvVDYxjJx7ynqQWiwxupCSvJ0puG1HS",NULL,"2026-04-10 16:04:30.045306","2026-04-10 16:04:30.045306"
"156","IBRAHIM","HAMZA","CIN000156","hamza.ibrahim.156@mock.local","93874294","DRV-00156","$2b$10$3QxGUYlyhQ8x7x8cJ7M3k.WvVDYxjJx7ynqQWiwxupCSvJ0puG1HS",NULL,"2026-04-10 16:04:30.045306","2026-04-10 16:04:30.045306"
"157","ABDELKADER","HANACHI","CIN000157","hanachi.abdelkader.157@mock.local","98766397","DRV-00157","$2b$10$3QxGUYlyhQ8x7x8cJ7M3k.WvVDYxjJx7ynqQWiwxupCSvJ0puG1HS",NULL,"2026-04-10 16:04:30.045306","2026-04-10 16:04:30.045306"
"158","SLIM","HANNACHI","CIN000158","hannachi.slim.158@mock.local","98794351","DRV-00158","$2b$10$3QxGUYlyhQ8x7x8cJ7M3k.WvVDYxjJx7ynqQWiwxupCSvJ0puG1HS",NULL,"2026-04-10 16:04:30.045306","2026-04-10 16:04:30.045306"
"159","DRIDI","HASSEN","CIN000159","hassen.dridi.159@mock.local","98775350","DRV-00159","$2b$10$3QxGUYlyhQ8x7x8cJ7M3k.WvVDYxjJx7ynqQWiwxupCSvJ0puG1HS",NULL,"2026-04-10 16:04:30.045306","2026-04-10 16:04:30.045306"
"160","MOHAMED","HENI","CIN000160","heni.mohamed.160@mock.local","98179749","DRV-00160","$2b$10$3QxGUYlyhQ8x7x8cJ7M3k.WvVDYxjJx7ynqQWiwxupCSvJ0puG1HS",NULL,"2026-04-10 16:04:30.045306","2026-04-10 16:04:30.045306"
"161","NOUREDDINE","HENI","CIN000161","heni.noureddine.161@mock.local","98782180","DRV-00161","$2b$10$3QxGUYlyhQ8x7x8cJ7M3k.WvVDYxjJx7ynqQWiwxupCSvJ0puG1HS",NULL,"2026-04-10 16:04:30.045306","2026-04-10 16:04:30.045306"
"162","OMAR","HFAIDH","CIN000162","hfaidh.omar.162@mock.local","98794373","DRV-00162","$2b$10$3QxGUYlyhQ8x7x8cJ7M3k.WvVDYxjJx7ynqQWiwxupCSvJ0puG1HS",NULL,"2026-04-10 16:04:30.045306","2026-04-10 16:04:30.045306"
"163","NAIMI","HICHEM","CIN000163","hichem.naimi.163@mock.local","98752654","DRV-00163","$2b$10$3QxGUYlyhQ8x7x8cJ7M3k.WvVDYxjJx7ynqQWiwxupCSvJ0puG1HS",NULL,"2026-04-10 16:04:30.045306","2026-04-10 16:04:30.045306"
"164","AYMEN","HICHRI","CIN000164","hichri.aymen.164@mock.local","98794378","DRV-00164","$2b$10$3QxGUYlyhQ8x7x8cJ7M3k.WvVDYxjJx7ynqQWiwxupCSvJ0puG1HS",NULL,"2026-04-10 16:04:30.045306","2026-04-10 16:04:30.045306"
"165","SEIFEDDINE","HLEL","CIN000165","hlel.seifeddine.165@mock.local","92061354","DRV-00165","$2b$10$3QxGUYlyhQ8x7x8cJ7M3k.WvVDYxjJx7ynqQWiwxupCSvJ0puG1HS",NULL,"2026-04-10 16:04:30.045306","2026-04-10 16:04:30.045306"
"166","KHALIL","HMIDA","CIN000166","hmida.khalil.166@mock.local","98747801","DRV-00166","$2b$10$3QxGUYlyhQ8x7x8cJ7M3k.WvVDYxjJx7ynqQWiwxupCSvJ0puG1HS",NULL,"2026-04-10 16:04:30.045306","2026-04-10 16:04:30.045306"
"167","JLASSI","HOSNI","CIN000167","hosni.jlassi.167@mock.local","92298408","DRV-00167","$2b$10$3QxGUYlyhQ8x7x8cJ7M3k.WvVDYxjJx7ynqQWiwxupCSvJ0puG1HS",NULL,"2026-04-10 16:04:30.045306","2026-04-10 16:04:30.045306"
"168","BELAILI","HOUSSEM","CIN000168","houssem.belaili.168@mock.local","92112557","DRV-00168","$2b$10$3QxGUYlyhQ8x7x8cJ7M3k.WvVDYxjJx7ynqQWiwxupCSvJ0puG1HS",NULL,"2026-04-10 16:04:30.045306","2026-04-10 16:04:30.045306"
"169","NSIRI","HOUSSEM","CIN000169","houssem.nsiri.169@mock.local","98192605","DRV-00169","$2b$10$3QxGUYlyhQ8x7x8cJ7M3k.WvVDYxjJx7ynqQWiwxupCSvJ0puG1HS",NULL,"2026-04-10 16:04:30.045306","2026-04-10 16:04:30.045306"
"170","MALEK","JABBERI","CIN000170","jabberi.malek.170@mock.local","98194213","DRV-00170","$2b$10$3QxGUYlyhQ8x7x8cJ7M3k.WvVDYxjJx7ynqQWiwxupCSvJ0puG1HS",NULL,"2026-04-10 16:04:30.045306","2026-04-10 16:04:30.045306"
"171","AMIRI","JAMEL","CIN000171","jamel.amiri.171@mock.local","98757487","DRV-00171","$2b$10$3QxGUYlyhQ8x7x8cJ7M3k.WvVDYxjJx7ynqQWiwxupCSvJ0puG1HS",NULL,"2026-04-10 16:04:30.045306","2026-04-10 16:04:30.045306"
"172","MOUNIR","JAYEZ","CIN000172","jayez.mounir.172@mock.local","98751285","DRV-00172","$2b$10$3QxGUYlyhQ8x7x8cJ7M3k.WvVDYxjJx7ynqQWiwxupCSvJ0puG1HS",NULL,"2026-04-10 16:04:30.045306","2026-04-10 16:04:30.045306"
"173","MEHREZ","JBALI","CIN000173","jbali.mehrez.173@mock.local","98751236","DRV-00173","$2b$10$3QxGUYlyhQ8x7x8cJ7M3k.WvVDYxjJx7ynqQWiwxupCSvJ0puG1HS",NULL,"2026-04-10 16:04:30.045306","2026-04-10 16:04:30.045306"
"174","BORHENE","JEMII","CIN000174","jemii.borhene.174@mock.local","98770978","DRV-00174","$2b$10$3QxGUYlyhQ8x7x8cJ7M3k.WvVDYxjJx7ynqQWiwxupCSvJ0puG1HS",NULL,"2026-04-10 16:04:30.045306","2026-04-10 16:04:30.045306"
"175","SOFIEN","JLASSI","CIN000175","jlassi.sofien.175@mock.local","98747847","DRV-00175","$2b$10$3QxGUYlyhQ8x7x8cJ7M3k.WvVDYxjJx7ynqQWiwxupCSvJ0puG1HS",NULL,"2026-04-10 16:04:30.045306","2026-04-10 16:04:30.045306"
"176","AHMED","KAABI","CIN000176","kaabi.ahmed.176@mock.local","98766366","DRV-00176","$2b$10$3QxGUYlyhQ8x7x8cJ7M3k.WvVDYxjJx7ynqQWiwxupCSvJ0puG1HS",NULL,"2026-04-10 16:04:30.045306","2026-04-10 16:04:30.045306"
"177","ABDELJABBAR","KACEM","CIN000177","kacem.abdeljabbar.177@mock.local","98179701","DRV-00177","$2b$10$3QxGUYlyhQ8x7x8cJ7M3k.WvVDYxjJx7ynqQWiwxupCSvJ0puG1HS",NULL,"2026-04-10 16:04:30.045306","2026-04-10 16:04:30.045306"
"178","JAMEL","KACEM","CIN000178","kacem.jamel.178@mock.local","98759527","DRV-00178","$2b$10$3QxGUYlyhQ8x7x8cJ7M3k.WvVDYxjJx7ynqQWiwxupCSvJ0puG1HS",NULL,"2026-04-10 16:04:30.045306","2026-04-10 16:04:30.045306"
"179","FAYCEL","KACHABIA","CIN000179","kachabia.faycel.179@mock.local","98751251","DRV-00179","$2b$10$3QxGUYlyhQ8x7x8cJ7M3k.WvVDYxjJx7ynqQWiwxupCSvJ0puG1HS",NULL,"2026-04-10 16:04:30.045306","2026-04-10 16:04:30.045306"
"180","BOUFAYED","KAIS","CIN000180","kais.boufayed.180@mock.local","22379090","DRV-00180","$2b$10$3QxGUYlyhQ8x7x8cJ7M3k.WvVDYxjJx7ynqQWiwxupCSvJ0puG1HS",NULL,"2026-04-10 16:04:30.045306","2026-04-10 16:04:30.045306"
"181","AOULED AHMED","KARIM","CIN000181","karim.aouled.ahmed.181@mock.local","93068393","DRV-00181","$2b$10$3QxGUYlyhQ8x7x8cJ7M3k.WvVDYxjJx7ynqQWiwxupCSvJ0puG1HS",NULL,"2026-04-10 16:04:30.045306","2026-04-10 16:04:30.045306"
"182","ADEL","KHABOUCHI","CIN000182","khabouchi.adel.182@mock.local","97093242","DRV-00182","$2b$10$3QxGUYlyhQ8x7x8cJ7M3k.WvVDYxjJx7ynqQWiwxupCSvJ0puG1HS",NULL,"2026-04-10 16:04:30.045306","2026-04-10 16:04:30.045306"
"183","ASSAAD","KHADHRAOUI","CIN000183","khadhraoui.assaad.183@mock.local","98757442","DRV-00183","$2b$10$3QxGUYlyhQ8x7x8cJ7M3k.WvVDYxjJx7ynqQWiwxupCSvJ0puG1HS",NULL,"2026-04-10 16:04:30.045306","2026-04-10 16:04:30.045306"
"184","AYMEN","KHEDHR","CIN000184","khedhr.aymen.184@mock.local","97084290","DRV-00184","$2b$10$3QxGUYlyhQ8x7x8cJ7M3k.WvVDYxjJx7ynqQWiwxupCSvJ0puG1HS",NULL,"2026-04-10 16:04:30.045306","2026-04-10 16:04:30.045306"
"185","WALID","KHEDHRI","CIN000185","khedhri.walid.185@mock.local","99304746","DRV-00185","$2b$10$3QxGUYlyhQ8x7x8cJ7M3k.WvVDYxjJx7ynqQWiwxupCSvJ0puG1HS",NULL,"2026-04-10 16:04:30.045306","2026-04-10 16:04:30.045306"
"186","MONCEF","KHEFIFI","CIN000186","khefifi.moncef.186@mock.local","98724268","DRV-00186","$2b$10$3QxGUYlyhQ8x7x8cJ7M3k.WvVDYxjJx7ynqQWiwxupCSvJ0puG1HS",NULL,"2026-04-10 16:04:30.045306","2026-04-10 16:04:30.045306"
"187","WAEL","KHEFIFI","CIN000187","khefifi.wael.187@mock.local","98747845","DRV-00187","$2b$10$3QxGUYlyhQ8x7x8cJ7M3k.WvVDYxjJx7ynqQWiwxupCSvJ0puG1HS",NULL,"2026-04-10 16:04:30.045306","2026-04-10 16:04:30.045306"
"188","KAREM","KHEMIRI","CIN000188","khemiri.karem.188@mock.local","98724139","DRV-00188","$2b$10$3QxGUYlyhQ8x7x8cJ7M3k.WvVDYxjJx7ynqQWiwxupCSvJ0puG1HS",NULL,"2026-04-10 16:04:30.045306","2026-04-10 16:04:30.045306"
"189","MOHAMED","KHIARI","CIN000189","khiari.mohamed.189@mock.local","93585724","DRV-00189","$2b$10$3QxGUYlyhQ8x7x8cJ7M3k.WvVDYxjJx7ynqQWiwxupCSvJ0puG1HS",NULL,"2026-04-10 16:04:30.045306","2026-04-10 16:04:30.045306"
"190","MRABET","KHLIFA","CIN000190","khlifa.mrabet.190@mock.local","98192638","DRV-00190","$2b$10$3QxGUYlyhQ8x7x8cJ7M3k.WvVDYxjJx7ynqQWiwxupCSvJ0puG1HS",NULL,"2026-04-10 16:04:30.045306","2026-04-10 16:04:30.045306"
"191","WAJDI","KHREBICH","CIN000191","khrebich.wajdi.191@mock.local","98752949","DRV-00191","$2b$10$3QxGUYlyhQ8x7x8cJ7M3k.WvVDYxjJx7ynqQWiwxupCSvJ0puG1HS",NULL,"2026-04-10 16:04:30.045306","2026-04-10 16:04:30.045306"
"192","HASSEN","KOUSSA","CIN000192","koussa.hassen.192@mock.local","98747809","DRV-00192","$2b$10$3QxGUYlyhQ8x7x8cJ7M3k.WvVDYxjJx7ynqQWiwxupCSvJ0puG1HS",NULL,"2026-04-10 16:04:30.045306","2026-04-10 16:04:30.045306"
"193","ZOUHEIR","KRIDENE","CIN000193","kridene.zouheir.193@mock.local","98724249","DRV-00193","$2b$10$3QxGUYlyhQ8x7x8cJ7M3k.WvVDYxjJx7ynqQWiwxupCSvJ0puG1HS",NULL,"2026-04-10 16:04:30.045306","2026-04-10 16:04:30.045306"
"194","ABDERRAZEK","LAABIDI","CIN000194","laabidi.abderrazek.194@mock.local","98759571","DRV-00194","$2b$10$3QxGUYlyhQ8x7x8cJ7M3k.WvVDYxjJx7ynqQWiwxupCSvJ0puG1HS",NULL,"2026-04-10 16:04:30.045306","2026-04-10 16:04:30.045306"
"195","KHALED","LAABIDI","CIN000195","laabidi.khaled.195@mock.local","98724590","DRV-00195","$2b$10$3QxGUYlyhQ8x7x8cJ7M3k.WvVDYxjJx7ynqQWiwxupCSvJ0puG1HS",NULL,"2026-04-10 16:04:30.045306","2026-04-10 16:04:30.045306"
"196","MOHAMED","LASSOUED","CIN000196","lassoued.mohamed.196@mock.local","98781981","DRV-00196","$2b$10$3QxGUYlyhQ8x7x8cJ7M3k.WvVDYxjJx7ynqQWiwxupCSvJ0puG1HS",NULL,"2026-04-10 16:04:30.045306","2026-04-10 16:04:30.045306"
"197","YOUSRI","LASSOUED","CIN000197","lassoued.yousri.197@mock.local","98724262","DRV-00197","$2b$10$3QxGUYlyhQ8x7x8cJ7M3k.WvVDYxjJx7ynqQWiwxupCSvJ0puG1HS",NULL,"2026-04-10 16:04:30.045306","2026-04-10 16:04:30.045306"
"198","AMOR MOUNIR","LHAJ","CIN000198","lhaj.amor.mounir.198@mock.local","98781979","DRV-00198","$2b$10$3QxGUYlyhQ8x7x8cJ7M3k.WvVDYxjJx7ynqQWiwxupCSvJ0puG1HS",NULL,"2026-04-10 16:04:30.045306","2026-04-10 16:04:30.045306"
"199","ABDELKADER","LOUATI","CIN000199","louati.abdelkader.199@mock.local","98751113","DRV-00199","$2b$10$3QxGUYlyhQ8x7x8cJ7M3k.WvVDYxjJx7ynqQWiwxupCSvJ0puG1HS",NULL,"2026-04-10 16:04:30.045306","2026-04-10 16:04:30.045306"
"200","KHEMAIES","LOUATI","CIN000200","louati.khemaies.200@mock.local","98794337","DRV-00200","$2b$10$3QxGUYlyhQ8x7x8cJ7M3k.WvVDYxjJx7ynqQWiwxupCSvJ0puG1HS",NULL,"2026-04-10 16:04:30.045306","2026-04-10 16:04:30.045306"
"201","ABDELRAZEK","MAALOUL","CIN000201","maaloul.abdelrazek.201@mock.local","98194242","DRV-00201","$2b$10$3QxGUYlyhQ8x7x8cJ7M3k.WvVDYxjJx7ynqQWiwxupCSvJ0puG1HS",NULL,"2026-04-10 16:04:30.045306","2026-04-10 16:04:30.045306"
"202","ANIS","MAGHRAWI","CIN000202","maghrawi.anis.202@mock.local","95759545","DRV-00202","$2b$10$3QxGUYlyhQ8x7x8cJ7M3k.WvVDYxjJx7ynqQWiwxupCSvJ0puG1HS",NULL,"2026-04-10 16:04:30.045306","2026-04-10 16:04:30.045306"
"203","HATEM","MAJDOUB","CIN000203","majdoub.hatem.203@mock.local","98786689","DRV-00203","$2b$10$3QxGUYlyhQ8x7x8cJ7M3k.WvVDYxjJx7ynqQWiwxupCSvJ0puG1HS",NULL,"2026-04-10 16:04:30.045306","2026-04-10 16:04:30.045306"
"204","ZOUBEIR","MAJDOUB","CIN000204","majdoub.zoubeir.204@mock.local","98751271","DRV-00204","$2b$10$3QxGUYlyhQ8x7x8cJ7M3k.WvVDYxjJx7ynqQWiwxupCSvJ0puG1HS",NULL,"2026-04-10 16:04:30.045306","2026-04-10 16:04:30.045306"
"205","SETHOM-RTS GHARBI","MALEK","CIN000205","malek.sethom.rts.gharbi.205@mock.local","29300144","DRV-00205","$2b$10$3QxGUYlyhQ8x7x8cJ7M3k.WvVDYxjJx7ynqQWiwxupCSvJ0puG1HS",NULL,"2026-04-10 16:04:30.045306","2026-04-10 16:04:30.045306"
"206","Manai","Marwen","CIN000206","marwen.manai.206@mock.local","56729600","DRV-00206","$2b$10$3QxGUYlyhQ8x7x8cJ7M3k.WvVDYxjJx7ynqQWiwxupCSvJ0puG1HS",NULL,"2026-04-10 16:04:30.045306","2026-04-10 16:04:30.045306"
"207","YASSINE LOUATI","MED","CIN000207","med.yassine.louati.207@mock.local","93591179","DRV-00207","$2b$10$3QxGUYlyhQ8x7x8cJ7M3k.WvVDYxjJx7ynqQWiwxupCSvJ0puG1HS",NULL,"2026-04-10 16:04:30.045306","2026-04-10 16:04:30.045306"
"208","ALI","MEJRI","CIN000208","mejri.ali.208@mock.local","98782119","DRV-00208","$2b$10$3QxGUYlyhQ8x7x8cJ7M3k.WvVDYxjJx7ynqQWiwxupCSvJ0puG1HS",NULL,"2026-04-10 16:04:30.045306","2026-04-10 16:04:30.045306"
"209","MOHAMED","MEKKI","CIN000209","mekki.mohamed.209@mock.local","98794379","DRV-00209","$2b$10$3QxGUYlyhQ8x7x8cJ7M3k.WvVDYxjJx7ynqQWiwxupCSvJ0puG1HS",NULL,"2026-04-10 16:04:30.045306","2026-04-10 16:04:30.045306"
"210","WISSEM","MELKI","CIN000210","melki.wissem.210@mock.local","93698039","DRV-00210","$2b$10$3QxGUYlyhQ8x7x8cJ7M3k.WvVDYxjJx7ynqQWiwxupCSvJ0puG1HS",NULL,"2026-04-10 16:04:30.045306","2026-04-10 16:04:30.045306"
"211","KAMEL","MGAIDI","CIN000211","mgaidi.kamel.211@mock.local","98751245","DRV-00211","$2b$10$3QxGUYlyhQ8x7x8cJ7M3k.WvVDYxjJx7ynqQWiwxupCSvJ0puG1HS",NULL,"2026-04-10 16:04:30.045306","2026-04-10 16:04:30.045306"
"212","BACEM","MHADHBI","CIN000212","mhadhbi.bacem.212@mock.local","92943418","DRV-00212","$2b$10$3QxGUYlyhQ8x7x8cJ7M3k.WvVDYxjJx7ynqQWiwxupCSvJ0puG1HS",NULL,"2026-04-10 16:04:30.045306","2026-04-10 16:04:30.045306"
"213","KARIM","MHADHBI","CIN000213","mhadhbi.karim.213@mock.local","98757447","DRV-00213","$2b$10$3QxGUYlyhQ8x7x8cJ7M3k.WvVDYxjJx7ynqQWiwxupCSvJ0puG1HS",NULL,"2026-04-10 16:04:30.045306","2026-04-10 16:04:30.045306"
"214","YAHYA","MOATAZ","CIN000214","moataz.yahya.214@mock.local","98179708","DRV-00214","$2b$10$3QxGUYlyhQ8x7x8cJ7M3k.WvVDYxjJx7ynqQWiwxupCSvJ0puG1HS",NULL,"2026-04-10 16:04:30.045306","2026-04-10 16:04:30.045306"
"215","JANDOUBI","MOEZ","CIN000215","moez.jandoubi.215@mock.local","98179748","DRV-00215","$2b$10$3QxGUYlyhQ8x7x8cJ7M3k.WvVDYxjJx7ynqQWiwxupCSvJ0puG1HS",NULL,"2026-04-10 16:04:30.045306","2026-04-10 16:04:30.045306"
"216","MANAII","MOEZ","CIN000216","moez.manaii.216@mock.local","96530526","DRV-00216","$2b$10$3QxGUYlyhQ8x7x8cJ7M3k.WvVDYxjJx7ynqQWiwxupCSvJ0puG1HS",NULL,"2026-04-10 16:04:30.045306","2026-04-10 16:04:30.045306"
"217","ALI HAMMEMI","MOHAMED","CIN000217","mohamed.ali.hammemi.217@mock.local","98757461","DRV-00217","$2b$10$3QxGUYlyhQ8x7x8cJ7M3k.WvVDYxjJx7ynqQWiwxupCSvJ0puG1HS",NULL,"2026-04-10 16:04:30.045306","2026-04-10 16:04:30.045306"
"218","BEN FRAJ","MOHAMED","CIN000218","mohamed.ben.fraj.218@mock.local","98747829","DRV-00218","$2b$10$3QxGUYlyhQ8x7x8cJ7M3k.WvVDYxjJx7ynqQWiwxupCSvJ0puG1HS",NULL,"2026-04-10 16:04:30.045306","2026-04-10 16:04:30.045306"
"219","BEN KHLIFA","MOHAMED","CIN000219","mohamed.ben.khlifa.219@mock.local","92109410","DRV-00219","$2b$10$3QxGUYlyhQ8x7x8cJ7M3k.WvVDYxjJx7ynqQWiwxupCSvJ0puG1HS",NULL,"2026-04-10 16:04:30.045306","2026-04-10 16:04:30.045306"
"220","CHAHIN ALLAGUI","MOHAMED","CIN000220","mohamed.chahin.allagui.220@mock.local","98766382","DRV-00220","$2b$10$3QxGUYlyhQ8x7x8cJ7M3k.WvVDYxjJx7ynqQWiwxupCSvJ0puG1HS",NULL,"2026-04-10 16:04:30.045306","2026-04-10 16:04:30.045306"
"221","ELAMMI","MOHAMED","CIN000221","mohamed.elammi.221@mock.local","98770963","DRV-00221","$2b$10$3QxGUYlyhQ8x7x8cJ7M3k.WvVDYxjJx7ynqQWiwxupCSvJ0puG1HS",NULL,"2026-04-10 16:04:30.045306","2026-04-10 16:04:30.045306"
"222","FARDI","MOHAMED","CIN000222","mohamed.fardi.222@mock.local","98794349","DRV-00222","$2b$10$3QxGUYlyhQ8x7x8cJ7M3k.WvVDYxjJx7ynqQWiwxupCSvJ0puG1HS",NULL,"2026-04-10 16:04:30.045306","2026-04-10 16:04:30.045306"
"223","FEDI MANSOUR","MOHAMED","CIN000223","mohamed.fedi.mansour.223@mock.local","99241195","DRV-00223","$2b$10$3QxGUYlyhQ8x7x8cJ7M3k.WvVDYxjJx7ynqQWiwxupCSvJ0puG1HS",NULL,"2026-04-10 16:04:30.045306","2026-04-10 16:04:30.045306"
"224","MAHMOUDI","MOHAMED","CIN000224","mohamed.mahmoudi.224@mock.local","98794344","DRV-00224","$2b$10$3QxGUYlyhQ8x7x8cJ7M3k.WvVDYxjJx7ynqQWiwxupCSvJ0puG1HS",NULL,"2026-04-10 16:04:30.045306","2026-04-10 16:04:30.045306"
"225","malek Abid","Mohamed","CIN000225","mohamed.malek.abid.225@mock.local","98782118","DRV-00225","$2b$10$3QxGUYlyhQ8x7x8cJ7M3k.WvVDYxjJx7ynqQWiwxupCSvJ0puG1HS",NULL,"2026-04-10 16:04:30.045306","2026-04-10 16:04:30.045306"
"226","MEJRISI","MOHAMED","CIN000226","mohamed.mejrisi.226@mock.local","95581313","DRV-00226","$2b$10$3QxGUYlyhQ8x7x8cJ7M3k.WvVDYxjJx7ynqQWiwxupCSvJ0puG1HS",NULL,"2026-04-10 16:04:30.045306","2026-04-10 16:04:30.045306"
"227","RHAYEM","MOHAMED","CIN000227","mohamed.rhayem.227@mock.local","96346619","DRV-00227","$2b$10$3QxGUYlyhQ8x7x8cJ7M3k.WvVDYxjJx7ynqQWiwxupCSvJ0puG1HS",NULL,"2026-04-10 16:04:30.045306","2026-04-10 16:04:30.045306"
"228","YASSIN BEN SALEM","MOHAMED","CIN000228","mohamed.yassin.ben.salem.228@mock.local","26292983","DRV-00228","$2b$10$3QxGUYlyhQ8x7x8cJ7M3k.WvVDYxjJx7ynqQWiwxupCSvJ0puG1HS",NULL,"2026-04-10 16:04:30.045306","2026-04-10 16:04:30.045306"
"229","BALHOUENE","MONTASSAR","CIN000229","montassar.balhouene.229@mock.local","98192621","DRV-00229","$2b$10$3QxGUYlyhQ8x7x8cJ7M3k.WvVDYxjJx7ynqQWiwxupCSvJ0puG1HS",NULL,"2026-04-10 16:04:30.045306","2026-04-10 16:04:30.045306"
"230","BILEL","MOUISSI","CIN000230","mouissi.bilel.230@mock.local","98786692","DRV-00230","$2b$10$3QxGUYlyhQ8x7x8cJ7M3k.WvVDYxjJx7ynqQWiwxupCSvJ0puG1HS",NULL,"2026-04-10 16:04:30.045306","2026-04-10 16:04:30.045306"
"231","BELHAJ SAAD","MOUNIR","CIN000231","mounir.belhaj.saad.231@mock.local","98747848","DRV-00231","$2b$10$3QxGUYlyhQ8x7x8cJ7M3k.WvVDYxjJx7ynqQWiwxupCSvJ0puG1HS",NULL,"2026-04-10 16:04:30.045306","2026-04-10 16:04:30.045306"
"232","ABIDLI","MOURAD","CIN000232","mourad.abidli.232@mock.local","98782131","DRV-00232","$2b$10$3QxGUYlyhQ8x7x8cJ7M3k.WvVDYxjJx7ynqQWiwxupCSvJ0puG1HS",NULL,"2026-04-10 16:04:30.045306","2026-04-10 16:04:30.045306"
"233","MOHAMED","MSILINI","CIN000233","msilini.mohamed.233@mock.local","98766371","DRV-00233","$2b$10$3QxGUYlyhQ8x7x8cJ7M3k.WvVDYxjJx7ynqQWiwxupCSvJ0puG1HS",NULL,"2026-04-10 16:04:30.045306","2026-04-10 16:04:30.045306"
"234","MAHER","MSOLLY","CIN000234","msolly.maher.234@mock.local","93407249","DRV-00234","$2b$10$3QxGUYlyhQ8x7x8cJ7M3k.WvVDYxjJx7ynqQWiwxupCSvJ0puG1HS",NULL,"2026-04-10 16:04:30.045306","2026-04-10 16:04:30.045306"
"235","FERJANI","MZOUGHI","CIN000235","mzoughi.ferjani.235@mock.local",NULL,"DRV-00235","$2b$10$3QxGUYlyhQ8x7x8cJ7M3k.WvVDYxjJx7ynqQWiwxupCSvJ0puG1HS",NULL,"2026-04-10 16:04:30.045306","2026-04-10 16:04:30.045306"
"236","RAYEN","NASR","CIN000236","nasr.rayen.236@mock.local","93798815","DRV-00236","$2b$10$3QxGUYlyhQ8x7x8cJ7M3k.WvVDYxjJx7ynqQWiwxupCSvJ0puG1HS",NULL,"2026-04-10 16:04:30.045306","2026-04-10 16:04:30.045306"
"237","ADNEN","NASRALLI","CIN000237","nasralli.adnen.237@mock.local","98192628","DRV-00237","$2b$10$3QxGUYlyhQ8x7x8cJ7M3k.WvVDYxjJx7ynqQWiwxupCSvJ0puG1HS",NULL,"2026-04-10 16:04:30.045306","2026-04-10 16:04:30.045306"
"238","KRID","NIDHAL","CIN000238","nidhal.krid.238@mock.local","98192601","DRV-00238","$2b$10$3QxGUYlyhQ8x7x8cJ7M3k.WvVDYxjJx7ynqQWiwxupCSvJ0puG1HS",NULL,"2026-04-10 16:04:30.045306","2026-04-10 16:04:30.045306"
"239","Abdelaoui","Nizar","CIN000239","nizar.abdelaoui.239@mock.local","98759560","DRV-00239","$2b$10$3QxGUYlyhQ8x7x8cJ7M3k.WvVDYxjJx7ynqQWiwxupCSvJ0puG1HS",NULL,"2026-04-10 16:04:30.045306","2026-04-10 16:04:30.045306"
"240","HADED - RTS GHARBI","NIZAR","CIN000240","nizar.haded.rts.gharbi.240@mock.local",NULL,"DRV-00240","$2b$10$3QxGUYlyhQ8x7x8cJ7M3k.WvVDYxjJx7ynqQWiwxupCSvJ0puG1HS",NULL,"2026-04-10 16:04:30.045306","2026-04-10 16:04:30.045306"
"241","LAMLOUMI","NIZAR","CIN000241","nizar.lamloumi.241@mock.local","92937974","DRV-00241","$2b$10$3QxGUYlyhQ8x7x8cJ7M3k.WvVDYxjJx7ynqQWiwxupCSvJ0puG1HS",NULL,"2026-04-10 16:04:30.045306","2026-04-10 16:04:30.045306"
"242","ALOUI","OMAR","CIN000242","omar.aloui.242@mock.local","98782114","DRV-00242","$2b$10$3QxGUYlyhQ8x7x8cJ7M3k.WvVDYxjJx7ynqQWiwxupCSvJ0puG1HS",NULL,"2026-04-10 16:04:30.045306","2026-04-10 16:04:30.045306"
"243","FERCHICHI","OUSSAMA","CIN000243","oussama.ferchichi.243@mock.local","98786685","DRV-00243","$2b$10$3QxGUYlyhQ8x7x8cJ7M3k.WvVDYxjJx7ynqQWiwxupCSvJ0puG1HS",NULL,"2026-04-10 16:04:30.045306","2026-04-10 16:04:30.045306"
"244","GANNAR","OUSSAMA","CIN000244","oussama.gannar.244@mock.local","98751132","DRV-00244","$2b$10$3QxGUYlyhQ8x7x8cJ7M3k.WvVDYxjJx7ynqQWiwxupCSvJ0puG1HS",NULL,"2026-04-10 16:04:30.045306","2026-04-10 16:04:30.045306"
"245","KHFIFI","OUSSAMA","CIN000245","oussama.khfifi.245@mock.local","97087923","DRV-00245","$2b$10$3QxGUYlyhQ8x7x8cJ7M3k.WvVDYxjJx7ynqQWiwxupCSvJ0puG1HS",NULL,"2026-04-10 16:04:30.045306","2026-04-10 16:04:30.045306"
"246","KILANI","OUSSAMA","CIN000246","oussama.kilani.246@mock.local","93028918","DRV-00246","$2b$10$3QxGUYlyhQ8x7x8cJ7M3k.WvVDYxjJx7ynqQWiwxupCSvJ0puG1HS",NULL,"2026-04-10 16:04:30.045306","2026-04-10 16:04:30.045306"
"247","DHUIAIB","RABIE","CIN000247","rabie.dhuiaib.247@mock.local","97092272","DRV-00247","$2b$10$3QxGUYlyhQ8x7x8cJ7M3k.WvVDYxjJx7ynqQWiwxupCSvJ0puG1HS",NULL,"2026-04-10 16:04:30.045306","2026-04-10 16:04:30.045306"
"248","Dhahri","Rabii","CIN000248","rabii.dhahri.248@mock.local","92673406","DRV-00248","$2b$10$3QxGUYlyhQ8x7x8cJ7M3k.WvVDYxjJx7ynqQWiwxupCSvJ0puG1HS",NULL,"2026-04-10 16:04:30.045306","2026-04-10 16:04:30.045306"
"249","LAHMER","RADHWEN","CIN000249","radhwen.lahmer.249@mock.local","98759586","DRV-00249","$2b$10$3QxGUYlyhQ8x7x8cJ7M3k.WvVDYxjJx7ynqQWiwxupCSvJ0puG1HS",NULL,"2026-04-10 16:04:30.045306","2026-04-10 16:04:30.045306"
"250","MOSTFA","RAFIK","CIN000250","rafik.mostfa.250@mock.local","98770974","DRV-00250","$2b$10$3QxGUYlyhQ8x7x8cJ7M3k.WvVDYxjJx7ynqQWiwxupCSvJ0puG1HS",NULL,"2026-04-10 16:04:30.045306","2026-04-10 16:04:30.045306"
"251","YAZIDI","RAMZI","CIN000251","ramzi.yazidi.251@mock.local","98752914","DRV-00251","$2b$10$3QxGUYlyhQ8x7x8cJ7M3k.WvVDYxjJx7ynqQWiwxupCSvJ0puG1HS",NULL,"2026-04-10 16:04:30.045306","2026-04-10 16:04:30.045306"
"252","MOHIEDDINE","RAYABI","CIN000252","rayabi.mohieddine.252@mock.local","98766377","DRV-00252","$2b$10$3QxGUYlyhQ8x7x8cJ7M3k.WvVDYxjJx7ynqQWiwxupCSvJ0puG1HS",NULL,"2026-04-10 16:04:30.045306","2026-04-10 16:04:30.045306"
"253","ABDELKADER","RAYEN","CIN000253","rayen.abdelkader.253@mock.local","97091386","DRV-00253","$2b$10$3QxGUYlyhQ8x7x8cJ7M3k.WvVDYxjJx7ynqQWiwxupCSvJ0puG1HS",NULL,"2026-04-10 16:04:30.045306","2026-04-10 16:04:30.045306"
"254","BOUZUIDA","RAYEN","CIN000254","rayen.bouzuida.254@mock.local","98786688","DRV-00254","$2b$10$3QxGUYlyhQ8x7x8cJ7M3k.WvVDYxjJx7ynqQWiwxupCSvJ0puG1HS",NULL,"2026-04-10 16:04:30.045306","2026-04-10 16:04:30.045306"
"255","KHEMIRI","RAYEN","CIN000255","rayen.khemiri.255@mock.local","98781995","DRV-00255","$2b$10$3QxGUYlyhQ8x7x8cJ7M3k.WvVDYxjJx7ynqQWiwxupCSvJ0puG1HS",NULL,"2026-04-10 16:04:30.045306","2026-04-10 16:04:30.045306"
"256","ABDELKADER","RHAIEM","CIN000256","rhaiem.abdelkader.256@mock.local","98770973","DRV-00256","$2b$10$3QxGUYlyhQ8x7x8cJ7M3k.WvVDYxjJx7ynqQWiwxupCSvJ0puG1HS",NULL,"2026-04-10 16:04:30.045306","2026-04-10 16:04:30.045306"
"257","Blihik","Riadh","CIN000257","riadh.blihik.257@mock.local","97026295","DRV-00257","$2b$10$3QxGUYlyhQ8x7x8cJ7M3k.WvVDYxjJx7ynqQWiwxupCSvJ0puG1HS",NULL,"2026-04-10 16:04:30.045306","2026-04-10 16:04:30.045306"
"258","DIWANI","RIADH","CIN000258","riadh.diwani.258@mock.local","99260959","DRV-00258","$2b$10$3QxGUYlyhQ8x7x8cJ7M3k.WvVDYxjJx7ynqQWiwxupCSvJ0puG1HS",NULL,"2026-04-10 16:04:30.045306","2026-04-10 16:04:30.045306"
"259","SAMI","RIAHI","CIN000259","riahi.sami.259@mock.local","98781901","DRV-00259","$2b$10$3QxGUYlyhQ8x7x8cJ7M3k.WvVDYxjJx7ynqQWiwxupCSvJ0puG1HS",NULL,"2026-04-10 16:04:30.045306","2026-04-10 16:04:30.045306"
"260","LOTFI","RIFI","CIN000260","rifi.lotfi.260@mock.local","98724528","DRV-00260","$2b$10$3QxGUYlyhQ8x7x8cJ7M3k.WvVDYxjJx7ynqQWiwxupCSvJ0puG1HS",NULL,"2026-04-10 16:04:30.045306","2026-04-10 16:04:30.045306"
"261","KABIL","RMADI","CIN000261","rmadi.kabil.261@mock.local","98781907","DRV-00261","$2b$10$3QxGUYlyhQ8x7x8cJ7M3k.WvVDYxjJx7ynqQWiwxupCSvJ0puG1HS",NULL,"2026-04-10 16:04:30.045306","2026-04-10 16:04:30.045306"
"262","KAMEL","RMILI","CIN000262","rmili.kamel.262@mock.local","98752950","DRV-00262","$2b$10$3QxGUYlyhQ8x7x8cJ7M3k.WvVDYxjJx7ynqQWiwxupCSvJ0puG1HS",NULL,"2026-04-10 16:04:30.045306","2026-04-10 16:04:30.045306"
"263","MED KHALIL","SAADI","CIN000263","saadi.med.khalil.263@mock.local","98794377","DRV-00263","$2b$10$3QxGUYlyhQ8x7x8cJ7M3k.WvVDYxjJx7ynqQWiwxupCSvJ0puG1HS",NULL,"2026-04-10 16:04:30.045306","2026-04-10 16:04:30.045306"
"264","BALAAZI","SABER","CIN000264","saber.balaazi.264@mock.local","97117866","DRV-00264","$2b$10$3QxGUYlyhQ8x7x8cJ7M3k.WvVDYxjJx7ynqQWiwxupCSvJ0puG1HS",NULL,"2026-04-10 16:04:30.045306","2026-04-10 16:04:30.045306"
"265","AYARI","SABRI","CIN000265","sabri.ayari.265@mock.local","92674201","DRV-00265","$2b$10$3QxGUYlyhQ8x7x8cJ7M3k.WvVDYxjJx7ynqQWiwxupCSvJ0puG1HS",NULL,"2026-04-10 16:04:30.045306","2026-04-10 16:04:30.045306"
"266","AHMED","SAID","CIN000266","said.ahmed.266@mock.local","98751229","DRV-00266","$2b$10$3QxGUYlyhQ8x7x8cJ7M3k.WvVDYxjJx7ynqQWiwxupCSvJ0puG1HS",NULL,"2026-04-10 16:04:30.045306","2026-04-10 16:04:30.045306"
"267","ALI","SAID","CIN000267","said.ali.267@mock.local","98759575","DRV-00267","$2b$10$3QxGUYlyhQ8x7x8cJ7M3k.WvVDYxjJx7ynqQWiwxupCSvJ0puG1HS",NULL,"2026-04-10 16:04:30.045306","2026-04-10 16:04:30.045306"
"268","LASSAAD","SAID","CIN000268","said.lassaad.268@mock.local","98724251","DRV-00268","$2b$10$3QxGUYlyhQ8x7x8cJ7M3k.WvVDYxjJx7ynqQWiwxupCSvJ0puG1HS",NULL,"2026-04-10 16:04:30.045306","2026-04-10 16:04:30.045306"
"269","HNICH - SOFIEN FEKIH","SALEM","CIN000269","salem.hnich.sofien.fekih.269@mock.local",NULL,"DRV-00269","$2b$10$3QxGUYlyhQ8x7x8cJ7M3k.WvVDYxjJx7ynqQWiwxupCSvJ0puG1HS",NULL,"2026-04-10 16:04:30.045306","2026-04-10 16:04:30.045306"
"270","SLIM","SALLAMI","CIN000270","sallami.slim.270@mock.local","98724267","DRV-00270","$2b$10$3QxGUYlyhQ8x7x8cJ7M3k.WvVDYxjJx7ynqQWiwxupCSvJ0puG1HS",NULL,"2026-04-10 16:04:30.045306","2026-04-10 16:04:30.045306"
"271","KHALDI","SAMED","CIN000271","samed.khaldi.271@mock.local","98757492","DRV-00271","$2b$10$3QxGUYlyhQ8x7x8cJ7M3k.WvVDYxjJx7ynqQWiwxupCSvJ0puG1HS",NULL,"2026-04-10 16:04:30.045306","2026-04-10 16:04:30.045306"
"272","Hayouni","Sami","CIN000272","sami.hayouni.272@mock.local","98757475","DRV-00272","$2b$10$3QxGUYlyhQ8x7x8cJ7M3k.WvVDYxjJx7ynqQWiwxupCSvJ0puG1HS",NULL,"2026-04-10 16:04:30.045306","2026-04-10 16:04:30.045306"
"273","SAMI","SASSI","CIN000273","sassi.sami.273@mock.local","98751116","DRV-00273","$2b$10$3QxGUYlyhQ8x7x8cJ7M3k.WvVDYxjJx7ynqQWiwxupCSvJ0puG1HS",NULL,"2026-04-10 16:04:30.045306","2026-04-10 16:04:30.045306"
"274","SOFIENE","SASSI","CIN000274","sassi.sofiene.274@mock.local","98724118","DRV-00274","$2b$10$3QxGUYlyhQ8x7x8cJ7M3k.WvVDYxjJx7ynqQWiwxupCSvJ0puG1HS",NULL,"2026-04-10 16:04:30.045306","2026-04-10 16:04:30.045306"
"275","YOUSSEF","SASSI","CIN000275","sassi.youssef.275@mock.local","98194209","DRV-00275","$2b$10$3QxGUYlyhQ8x7x8cJ7M3k.WvVDYxjJx7ynqQWiwxupCSvJ0puG1HS",NULL,"2026-04-10 16:04:30.045306","2026-04-10 16:04:30.045306"
"276","MABROUK","SEBRI","CIN000276","sebri.mabrouk.276@mock.local","98751246","DRV-00276","$2b$10$3QxGUYlyhQ8x7x8cJ7M3k.WvVDYxjJx7ynqQWiwxupCSvJ0puG1HS",NULL,"2026-04-10 16:04:30.045306","2026-04-10 16:04:30.045306"
"277","WALID","SGHAIR","CIN000277","sghair.walid.277@mock.local","98751294","DRV-00277","$2b$10$3QxGUYlyhQ8x7x8cJ7M3k.WvVDYxjJx7ynqQWiwxupCSvJ0puG1HS",NULL,"2026-04-10 16:04:30.045306","2026-04-10 16:04:30.045306"
"278","FETHI","SLIMANI","CIN000278","slimani.fethi.278@mock.local","98759565","DRV-00278","$2b$10$3QxGUYlyhQ8x7x8cJ7M3k.WvVDYxjJx7ynqQWiwxupCSvJ0puG1HS",NULL,"2026-04-10 16:04:30.045306","2026-04-10 16:04:30.045306"
"279","Jlassi","Sofien","CIN000279","sofien.jlassi.279@mock.local","95632625","DRV-00279","$2b$10$3QxGUYlyhQ8x7x8cJ7M3k.WvVDYxjJx7ynqQWiwxupCSvJ0puG1HS",NULL,"2026-04-10 16:04:30.045306","2026-04-10 16:04:30.045306"
"280","NAKAAII","SOFIEN","CIN000280","sofien.nakaaii.280@mock.local","93029455","DRV-00280","$2b$10$3QxGUYlyhQ8x7x8cJ7M3k.WvVDYxjJx7ynqQWiwxupCSvJ0puG1HS",NULL,"2026-04-10 16:04:30.045306","2026-04-10 16:04:30.045306"
"281","BEN FATHALLAH","SOFIENNE","CIN000281","sofienne.ben.fathallah.281@mock.local","98759520","DRV-00281","$2b$10$3QxGUYlyhQ8x7x8cJ7M3k.WvVDYxjJx7ynqQWiwxupCSvJ0puG1HS",NULL,"2026-04-10 16:04:30.045306","2026-04-10 16:04:30.045306"
"282","MOHAMED","SOLA","CIN000282","sola.mohamed.282@mock.local","92856524","DRV-00282","$2b$10$3QxGUYlyhQ8x7x8cJ7M3k.WvVDYxjJx7ynqQWiwxupCSvJ0puG1HS",NULL,"2026-04-10 16:04:30.045306","2026-04-10 16:04:30.045306"
"283","AYMEN","SOUIDI","CIN000283","souidi.aymen.283@mock.local","98747803","DRV-00283","$2b$10$3QxGUYlyhQ8x7x8cJ7M3k.WvVDYxjJx7ynqQWiwxupCSvJ0puG1HS",NULL,"2026-04-10 16:04:30.045306","2026-04-10 16:04:30.045306"
"284","NASREDDIN","TABBOUBI","CIN000284","tabboubi.nasreddin.284@mock.local","98766375","DRV-00284","$2b$10$3QxGUYlyhQ8x7x8cJ7M3k.WvVDYxjJx7ynqQWiwxupCSvJ0puG1HS",NULL,"2026-04-10 16:04:30.045306","2026-04-10 16:04:30.045306"
"285","JLASSI","TAHA","CIN000285","taha.jlassi.285@mock.local","98194226","DRV-00285","$2b$10$3QxGUYlyhQ8x7x8cJ7M3k.WvVDYxjJx7ynqQWiwxupCSvJ0puG1HS",NULL,"2026-04-10 16:04:30.045306","2026-04-10 16:04:30.045306"
"286","MOHAMED","TAHARI","CIN000286","tahari.mohamed.286@mock.local","92061356","DRV-00286","$2b$10$3QxGUYlyhQ8x7x8cJ7M3k.WvVDYxjJx7ynqQWiwxupCSvJ0puG1HS",NULL,"2026-04-10 16:04:30.045306","2026-04-10 16:04:30.045306"
"287","SAMI","TALEB","CIN000287","taleb.sami.287@mock.local","98724258","DRV-00287","$2b$10$3QxGUYlyhQ8x7x8cJ7M3k.WvVDYxjJx7ynqQWiwxupCSvJ0puG1HS",NULL,"2026-04-10 16:04:30.045306","2026-04-10 16:04:30.045306"
"288","HABIB","TALOUS","CIN000288","talous.habib.288@mock.local","98794317","DRV-00288","$2b$10$3QxGUYlyhQ8x7x8cJ7M3k.WvVDYxjJx7ynqQWiwxupCSvJ0puG1HS",NULL,"2026-04-10 16:04:30.045306","2026-04-10 16:04:30.045306"
"289","KHALIFA","TALOUS","CIN000289","talous.khalifa.289@mock.local","98766355","DRV-00289","$2b$10$3QxGUYlyhQ8x7x8cJ7M3k.WvVDYxjJx7ynqQWiwxupCSvJ0puG1HS",NULL,"2026-04-10 16:04:30.045306","2026-04-10 16:04:30.045306"
"290","FERJENI","THABET","CIN000290","thabet.ferjeni.290@mock.local","98766389","DRV-00290","$2b$10$3QxGUYlyhQ8x7x8cJ7M3k.WvVDYxjJx7ynqQWiwxupCSvJ0puG1HS",NULL,"2026-04-10 16:04:30.045306","2026-04-10 16:04:30.045306"
"291","SAMI","THAMER","CIN000291","thamer.sami.291@mock.local","93592826","DRV-00291","$2b$10$3QxGUYlyhQ8x7x8cJ7M3k.WvVDYxjJx7ynqQWiwxupCSvJ0puG1HS",NULL,"2026-04-10 16:04:30.045306","2026-04-10 16:04:30.045306"
"292","MOHAMED","TLILI","CIN000292","tlili.mohamed.292@mock.local","92243185","DRV-00292","$2b$10$3QxGUYlyhQ8x7x8cJ7M3k.WvVDYxjJx7ynqQWiwxupCSvJ0puG1HS",NULL,"2026-04-10 16:04:30.045306","2026-04-10 16:04:30.045306"
"293","SOFIEN","TOUMI","CIN000293","toumi.sofien.293@mock.local","98770986","DRV-00293","$2b$10$3QxGUYlyhQ8x7x8cJ7M3k.WvVDYxjJx7ynqQWiwxupCSvJ0puG1HS",NULL,"2026-04-10 16:04:30.045306","2026-04-10 16:04:30.045306"
"294","ISSA - RTS GHARBI","WAHHIB","CIN000294","wahhib.issa.rts.gharbi.294@mock.local","97091386","DRV-00294","$2b$10$3QxGUYlyhQ8x7x8cJ7M3k.WvVDYxjJx7ynqQWiwxupCSvJ0puG1HS",NULL,"2026-04-10 16:04:30.045306","2026-04-10 16:04:30.045306"
"295","HAJRI","WAJDI","CIN000295","wajdi.hajri.295@mock.local","92057474","DRV-00295","$2b$10$3QxGUYlyhQ8x7x8cJ7M3k.WvVDYxjJx7ynqQWiwxupCSvJ0puG1HS",NULL,"2026-04-10 16:04:30.045306","2026-04-10 16:04:30.045306"
"296","ATTROUS","WALID","CIN000296","walid.attrous.296@mock.local","92214940","DRV-00296","$2b$10$3QxGUYlyhQ8x7x8cJ7M3k.WvVDYxjJx7ynqQWiwxupCSvJ0puG1HS",NULL,"2026-04-10 16:04:30.045306","2026-04-10 16:04:30.045306"
"297","HILALI","WALID","CIN000297","walid.hilali.297@mock.local","98766384","DRV-00297","$2b$10$3QxGUYlyhQ8x7x8cJ7M3k.WvVDYxjJx7ynqQWiwxupCSvJ0puG1HS",NULL,"2026-04-10 16:04:30.045306","2026-04-10 16:04:30.045306"
"298","RIAHI","WALID","CIN000298","walid.riahi.298@mock.local","92060847","DRV-00298","$2b$10$3QxGUYlyhQ8x7x8cJ7M3k.WvVDYxjJx7ynqQWiwxupCSvJ0puG1HS",NULL,"2026-04-10 16:04:30.045306","2026-04-10 16:04:30.045306"
"299","Soraani","Walid","CIN000299","walid.soraani.299@mock.local","98101011","DRV-00299","$2b$10$3QxGUYlyhQ8x7x8cJ7M3k.WvVDYxjJx7ynqQWiwxupCSvJ0puG1HS",NULL,"2026-04-10 16:04:30.045306","2026-04-10 16:04:30.045306"
"300","SAMIR","WANNESS","CIN000300","wanness.samir.300@mock.local","98781928","DRV-00300","$2b$10$3QxGUYlyhQ8x7x8cJ7M3k.WvVDYxjJx7ynqQWiwxupCSvJ0puG1HS",NULL,"2026-04-10 16:04:30.045306","2026-04-10 16:04:30.045306"
"301","SAADI","WASSIM","CIN000301","wassim.saadi.301@mock.local","98781924","DRV-00301","$2b$10$3QxGUYlyhQ8x7x8cJ7M3k.WvVDYxjJx7ynqQWiwxupCSvJ0puG1HS",NULL,"2026-04-10 16:04:30.045306","2026-04-10 16:04:30.045306"
"302","MOHAMED","WECHTATI","CIN000302","wechtati.mohamed.302@mock.local","99469713","DRV-00302","$2b$10$3QxGUYlyhQ8x7x8cJ7M3k.WvVDYxjJx7ynqQWiwxupCSvJ0puG1HS",NULL,"2026-04-10 16:04:30.045306","2026-04-10 16:04:30.045306"
"303","MOHAMED","WERGMNI","CIN000303","wergmni.mohamed.303@mock.local","98794342","DRV-00303","$2b$10$3QxGUYlyhQ8x7x8cJ7M3k.WvVDYxjJx7ynqQWiwxupCSvJ0puG1HS",NULL,"2026-04-10 16:04:30.045306","2026-04-10 16:04:30.045306"
"304","HAMMADA","WISSEM","CIN000304","wissem.hammada.304@mock.local","98179735","DRV-00304","$2b$10$3QxGUYlyhQ8x7x8cJ7M3k.WvVDYxjJx7ynqQWiwxupCSvJ0puG1HS",NULL,"2026-04-10 16:04:30.045306","2026-04-10 16:04:30.045306"
"305","HOMRI","YASSINE","CIN000305","yassine.homri.305@mock.local","92673843","DRV-00305","$2b$10$3QxGUYlyhQ8x7x8cJ7M3k.WvVDYxjJx7ynqQWiwxupCSvJ0puG1HS",NULL,"2026-04-10 16:04:30.045306","2026-04-10 16:04:30.045306"
"306","JLASSI","YASSINE","CIN000306","yassine.jlassi.306@mock.local","92212566","DRV-00306","$2b$10$3QxGUYlyhQ8x7x8cJ7M3k.WvVDYxjJx7ynqQWiwxupCSvJ0puG1HS",NULL,"2026-04-10 16:04:30.045306","2026-04-10 16:04:30.045306"
"307","HAYTHEM","YAZIDI","CIN000307","yazidi.haythem.307@mock.local","98192618","DRV-00307","$2b$10$3QxGUYlyhQ8x7x8cJ7M3k.WvVDYxjJx7ynqQWiwxupCSvJ0puG1HS",NULL,"2026-04-10 16:04:30.045306","2026-04-10 16:04:30.045306"
"308","SLEH EDDINE","YEZIDI","CIN000308","yezidi.sleh.eddine.308@mock.local","98194205","DRV-00308","$2b$10$3QxGUYlyhQ8x7x8cJ7M3k.WvVDYxjJx7ynqQWiwxupCSvJ0puG1HS",NULL,"2026-04-10 16:04:30.045306","2026-04-10 16:04:30.045306"
"309","JAMEL","ZAYOUD","CIN000309","zayoud.jamel.309@mock.local","98782154","DRV-00309","$2b$10$3QxGUYlyhQ8x7x8cJ7M3k.WvVDYxjJx7ynqQWiwxupCSvJ0puG1HS",NULL,"2026-04-10 16:04:30.045306","2026-04-10 16:04:30.045306"
"310","MOHAMED","ZEKRI","CIN000310","zekri.mohamed.310@mock.local","98179747","DRV-00310","$2b$10$3QxGUYlyhQ8x7x8cJ7M3k.WvVDYxjJx7ynqQWiwxupCSvJ0puG1HS",NULL,"2026-04-10 16:04:30.045306","2026-04-10 16:04:30.045306"
"311","Ben Salah","Zied","CIN000311","zied.ben.salah.311@mock.local","20397700","DRV-00311","$2b$10$3QxGUYlyhQ8x7x8cJ7M3k.WvVDYxjJx7ynqQWiwxupCSvJ0puG1HS",NULL,"2026-04-10 16:04:30.045306","2026-04-10 16:04:30.045306"
"312","GACEM","ZIITER","CIN000312","ziiter.gacem.312@mock.local","98724255","DRV-00312","$2b$10$3QxGUYlyhQ8x7x8cJ7M3k.WvVDYxjJx7ynqQWiwxupCSvJ0puG1HS",NULL,"2026-04-10 16:04:30.045306","2026-04-10 16:04:30.045306"
"313","Jaouedi","Zouhair","CIN000313","zouhair.jaouedi.313@mock.local","52501161","DRV-00313","$2b$10$3QxGUYlyhQ8x7x8cJ7M3k.WvVDYxjJx7ynqQWiwxupCSvJ0puG1HS",NULL,"2026-04-10 16:04:30.045306","2026-04-10 16:04:30.045306"
