"id","client_code","name","latitude","longitude","isDepot","created_at","updated_at","source","groupe","cree_par"
"1","1001","MAGASIN RAOUED","36.8838943124","10.1845297867",False,"2026-04-03 12:50:30.421","2026-04-03 12:50:30.421",NULL,NULL,NULL
"2","1002","MAGASIN EZZOUHOUR","36.7960277465","10.1303327903",False,"2026-04-03 12:50:30.421","2026-04-03 12:50:30.421",NULL,NULL,NULL
"3","1003","MAGASIN MSAKEN","35.7311105348","10.5782081103",False,"2026-04-03 12:50:30.421","2026-04-03 12:50:30.421",NULL,NULL,NULL
"4","1004","MAGASIN JAMMEL","35.6210985857","10.7572045838",False,"2026-04-03 12:50:30.421","2026-04-03 12:50:30.421",NULL,NULL,NULL
"5","1005","MAGASIN SOUSSE SAHLOUL","35.8372195767","10.5960411203",False,"2026-04-03 12:50:30.421","2026-04-03 12:50:30.421",NULL,NULL,NULL
"6","1006","MAGASIN KALAA KEBIRA","35.8695768118","10.5311851272",False,"2026-04-03 12:50:30.421","2026-04-03 12:50:30.421",NULL,NULL,NULL
"7","1007","MAGASIN SOUSSE RIADH","35.8011157869","10.595808646",False,"2026-04-03 12:50:30.421","2026-04-03 12:50:30.421",NULL,NULL,NULL
"8","1008","MAGASIN BARRAKET ESSAHEL","36.4083033868","10.5618903347",False,"2026-04-03 12:50:30.421","2026-04-03 12:50:30.421",NULL,NULL,NULL
"9","1009","MAGASIN KALAA SEGHIRA","35.8252817249","10.5601462968",False,"2026-04-03 12:50:30.421","2026-04-03 12:50:30.421",NULL,NULL,NULL
"10","1010","MAGASIN LE KRAM","36.8464229803","10.3120507271",False,"2026-04-03 12:50:30.421","2026-04-03 12:50:30.421",NULL,NULL,NULL
"11","1011","MAGASIN AIN ZAGHOUAN","36.8599618791","10.2779791394",False,"2026-04-03 12:50:30.421","2026-04-03 12:50:30.421",NULL,NULL,NULL
"12","1012","MAGASIN JAMMEL 2","35.626363643","10.7618339097",False,"2026-04-03 12:50:30.421","2026-04-03 12:50:30.421",NULL,NULL,NULL
"13","1013","MAGASIN KAIROUAN SUD","35.6719172781","10.0879905419",False,"2026-04-03 12:50:30.421","2026-04-03 12:50:30.421",NULL,NULL,NULL
"14","1014","MAGASIN SIDI BOUALI","35.9545584915","10.4733976563",False,"2026-04-03 12:50:30.421","2026-04-03 12:50:30.421",NULL,NULL,NULL
"15","1015","MAGASIN MENZEL BOUZELFA","36.6815166688","10.5844346111",False,"2026-04-03 12:50:30.421","2026-04-03 12:50:30.421",NULL,NULL,NULL
"16","1016","MAGASIN KAIROUAN NORD","35.6780247553","10.0893136609",False,"2026-04-03 12:50:30.421","2026-04-03 12:50:30.421",NULL,NULL,NULL
"17","1017","MAGASIN MOKNINE","35.62676142","10.900978748",False,"2026-04-03 12:50:30.421","2026-04-03 12:50:30.421",NULL,NULL,NULL
"18","1018","MAGASIN BEMBLA","35.6939173722","10.7892278913",False,"2026-04-03 12:50:30.421","2026-04-03 12:50:30.421",NULL,NULL,NULL
"19","1019","MAGASIN ETTADHAMEN","36.8382092497","10.1119862043",False,"2026-04-03 12:50:30.421","2026-04-03 12:50:30.421",NULL,NULL,NULL
"20","1020","MAGASIN AKOUDA","35.8667088044","10.5712066193",False,"2026-04-03 12:50:30.421","2026-04-03 12:50:30.421",NULL,NULL,NULL
"21","1021","MAGASIN ROUTE RAOUED PLAGE","36.9561922191","10.1991613862",False,"2026-04-03 12:50:30.421","2026-04-03 12:50:30.421",NULL,NULL,NULL
"22","1022","MAGASIN HAMMAMET","36.4021720632","10.6242004706",False,"2026-04-03 12:50:30.421","2026-04-03 12:50:30.421",NULL,NULL,NULL
"23","1023","MAGASIN EL ALIA","37.1706108557","10.0313796708",False,"2026-04-03 12:50:30.421","2026-04-03 12:50:30.421",NULL,NULL,NULL
"24","1024","MAGASIN ETTADHAMEN 2","36.8379689906","10.1052163372",False,"2026-04-03 12:50:30.421","2026-04-03 12:50:30.421",NULL,NULL,NULL
"25","1025","MAGASIN SIDI ABDELHAMID","35.8145532893","10.6404367828",False,"2026-04-03 12:50:30.421","2026-04-03 12:50:30.421",NULL,NULL,NULL
"26","1026","MAGASIN BEN GUERDANE CITE EL H","33.1349865782","11.2172040929",False,"2026-04-03 12:50:30.421","2026-04-03 12:50:30.421",NULL,NULL,NULL
"27","1027","MAGASIN MANZEL BOURGUIBA ENNAJ","37.1508712303","9.7843746559",False,"2026-04-03 12:50:30.421","2026-04-03 12:50:30.421",NULL,NULL,NULL
"28","1028","MAGASIN SFAX ROUTE EL AIN","34.7647437439","10.7131417096",False,"2026-04-03 12:50:30.421","2026-04-03 12:50:30.421",NULL,NULL,NULL
"29","1029","MAGASIN KELIBIA","36.8471028603","11.0913078115",False,"2026-04-03 12:50:30.421","2026-04-03 12:50:30.421",NULL,NULL,NULL
"30","1030","MAGASIN CHEBBA","35.2373937012","11.1150113925",False,"2026-04-03 12:50:30.421","2026-04-03 12:50:30.421",NULL,NULL,NULL
"31","1031","MAGASIN HAMMAMET LA GARE","36.4066057195","10.6072342071",False,"2026-04-03 12:50:30.421","2026-04-03 12:50:30.421",NULL,NULL,NULL
"32","1032","MAGASIN IBN SINA","36.7591852962","10.1865755276",False,"2026-04-03 12:50:30.421","2026-04-03 12:50:30.421",NULL,NULL,NULL
"33","1033","MAGASIN TEBOULBA","35.6397640499","10.9680857705",False,"2026-04-03 12:50:30.421","2026-04-03 12:50:30.421",NULL,NULL,NULL
"34","1034","MAGASIN SOUSSE RIADH 2","35.8015429865","10.6054758614",False,"2026-04-03 12:50:30.421","2026-04-03 12:50:30.421",NULL,NULL,NULL
"35","1035","MAGASIN MHAMDIA","36.6811644504","10.1572873619",False,"2026-04-03 12:50:30.421","2026-04-03 12:50:30.421",NULL,NULL,NULL
"36","1036","MAGASIN DOUAR HICHER","36.8260856859","10.0964114857",False,"2026-04-03 12:50:30.421","2026-04-03 12:50:30.421",NULL,NULL,NULL
"37","1037","MAGASIN SFAX KASSAS N°5","34.753064139","10.7535435445",False,"2026-04-03 12:50:30.421","2026-04-03 12:50:30.421",NULL,NULL,NULL
"38","1038","MAGASIN MONASTIR","35.7674302456","10.8214547322",False,"2026-04-03 12:50:30.421","2026-04-03 12:50:30.421",NULL,NULL,NULL
"39","1039","MAGASIN MENZEL TAMIM","36.7829059086","10.9906100083",False,"2026-04-03 12:50:30.421","2026-04-03 12:50:30.421",NULL,NULL,NULL
"40","1040","MAGASIN DAR FADHAL-SOUKRA","36.8699893942","10.2400539508",False,"2026-04-03 12:50:30.421","2026-04-03 12:50:30.421",NULL,NULL,NULL
"41","1041","MAGASIN NABEUL-VILLE","36.4552678228","10.7261033458",False,"2026-04-03 12:50:30.421","2026-04-03 12:50:30.421",NULL,NULL,NULL
"42","1042","MAGASIN SFAX KAID MOHAMED","34.7484404856","10.7579079408",False,"2026-04-03 12:50:30.421","2026-04-03 12:50:30.421",NULL,NULL,NULL
"43","1043","MAGASIN EL WAHAT","36.8592966241","10.2659370948",False,"2026-04-03 12:50:30.421","2026-04-03 12:50:30.421",NULL,NULL,NULL
"44","1044","MAGASIN MAHDIA ROUTE DE TUNIS","35.5050802569","11.0483351522",False,"2026-04-03 12:50:30.421","2026-04-03 12:50:30.421",NULL,NULL,NULL
"45","1045","MAGASIN MAHDIA HIBOUN","35.5139743982","11.0417271904",False,"2026-04-03 12:50:30.421","2026-04-03 12:50:30.421",NULL,NULL,NULL
"46","1046","MAGASIN DOUAR HICHER 2","36.8244189021","10.083099111",False,"2026-04-03 12:50:30.421","2026-04-03 12:50:30.421",NULL,NULL,NULL
"47","1047","MAGASIN RIADH EL ANDALOUS","36.8695175764","10.1830707017",False,"2026-04-03 12:50:30.421","2026-04-03 12:50:30.421",NULL,NULL,NULL
"48","1048","MAGASIN MHAMDIA 2","36.6752033541","10.1561560171",False,"2026-04-03 12:50:30.421","2026-04-03 12:50:30.421",NULL,NULL,NULL
"49","1049","MAGASIN GHANNOUCH GABES","33.9396648385","10.0650806816",False,"2026-04-03 12:50:30.421","2026-04-03 12:50:30.421",NULL,NULL,NULL
"50","1050","MAGASIN MENZEL BOURGUIBA","37.1519359894","9.7916798265",False,"2026-04-03 12:50:30.421","2026-04-03 12:50:30.421",NULL,NULL,NULL
"51","1051","MAGASIN LA MARSA - ERRIADH","36.8865417176","10.3150153206",False,"2026-04-03 12:50:30.421","2026-04-03 12:50:30.421",NULL,NULL,NULL
"52","1052","MAGASIN EL GHAZALA","36.8910329353","10.1715964097",False,"2026-04-03 12:50:30.421","2026-04-03 12:50:30.421",NULL,NULL,NULL
"53","1053","MAGASIN SLIMEN","36.6986528734","10.4915671741",False,"2026-04-03 12:50:30.421","2026-04-03 12:50:30.421",NULL,NULL,NULL
"54","1054","MAGASIN ENFIDHA","36.1335521374","10.3765897395",False,"2026-04-03 12:50:30.421","2026-04-03 12:50:30.421",NULL,NULL,NULL
"55","1055","MAGASIN BOUMHELL","36.734601391","10.2986822297",False,"2026-04-03 12:50:30.421","2026-04-03 12:50:30.421",NULL,NULL,NULL
"56","1056","MAGASIN EZZAYATINE","36.8235337102","10.1546400809",False,"2026-04-03 12:50:30.421","2026-04-03 12:50:30.421",NULL,NULL,NULL
"57","1057","MAGASIN KORBA","36.5807603022","10.859933487",False,"2026-04-03 12:50:30.421","2026-04-03 12:50:30.421",NULL,NULL,NULL
"58","1058","MAGASIN SAHLINE","35.7502448241","10.7122725219",False,"2026-04-03 12:50:30.421","2026-04-03 12:50:30.421",NULL,NULL,NULL
"59","1059","MAGASIN SIDI EL BECHIR","36.7926755912","10.1696934115",False,"2026-04-03 12:50:30.421","2026-04-03 12:50:30.421",NULL,NULL,NULL
"60","1060","MAGASIN BENI KHALLED","36.6488321075","10.589888605",False,"2026-04-03 12:50:30.421","2026-04-03 12:50:30.421",NULL,NULL,NULL
"61","1061","MAGASIN BORJ LOUZIR","36.8685367617","10.2103131745",False,"2026-04-03 12:50:30.421","2026-04-03 12:50:30.421",NULL,NULL,NULL
"62","1062","MAGASIN EL MOUROUJ 5","36.714023164","10.2065939108",False,"2026-04-03 12:50:30.421","2026-04-03 12:50:30.421",NULL,NULL,NULL
"63","1063","MAGASIN JARA GABES","33.8881270829","10.0934042079",False,"2026-04-03 12:50:30.421","2026-04-03 12:50:30.421",NULL,NULL,NULL
"64","1064","MAGASIN SOMRANE","36.7985576741","10.144302536",False,"2026-04-03 12:50:30.421","2026-04-03 12:50:30.421",NULL,NULL,NULL
"65","1065","MAGASIN FOUCHANA","36.7048891437","10.1594368673",False,"2026-04-03 12:50:30.421","2026-04-03 12:50:30.421",NULL,NULL,NULL
"66","1066","MAGASIN KSOUR ESSEF","35.4157948169","10.9999346873",False,"2026-04-03 12:50:30.421","2026-04-03 12:50:30.421",NULL,NULL,NULL
"67","1067","MAGASIN EL MANZEL GABES","33.8789168728","10.0916121605",False,"2026-04-03 12:50:30.421","2026-04-03 12:50:30.421",NULL,NULL,NULL
"68","1068","MAGASIN KALAA KEBIRA2","35.87499794","10.5360767168",False,"2026-04-03 12:50:30.421","2026-04-03 12:50:30.421",NULL,NULL,NULL
"69","1069","MAGASIN MONASTIR 2","35.7702231762","10.8297181826",False,"2026-04-03 12:50:30.421","2026-04-03 12:50:30.421",NULL,NULL,NULL
"70","1070","MAGASIN BEJA","36.7266633098","9.1814040449",False,"2026-04-03 12:50:30.421","2026-04-03 12:50:30.421",NULL,NULL,NULL
"71","1071","MAGASIN HEDI NOUIRA","36.8697135318","10.1957146986",False,"2026-04-03 12:50:30.421","2026-04-03 12:50:30.421",NULL,NULL,NULL
"72","1072","MAGASIN KAIROUAN NORD 2","35.6803784229","10.0965952767",False,"2026-04-03 12:50:30.421","2026-04-03 12:50:30.421",NULL,NULL,NULL
"73","1073","MAGASIN SIDI SALAH","36.8868664282","10.2173177403",False,"2026-04-03 12:50:30.421","2026-04-03 12:50:30.421",NULL,NULL,NULL
"74","1074","MAGASIN SIDI HASSINE","36.7720007925","10.1141702219",False,"2026-04-03 12:50:30.421","2026-04-03 12:50:30.421",NULL,NULL,NULL
"75","1075","MAGASIN BIZERTE","37.2814938862","9.8547107902",False,"2026-04-03 12:50:30.421","2026-04-03 12:50:30.421",NULL,NULL,NULL
"76","1076","MAGASIN MENZEL TEMIM 2","36.7773808085","10.9910993496",False,"2026-04-03 12:50:30.421","2026-04-03 12:50:30.421",NULL,NULL,NULL
"77","1077","MAGASIN FOUCHANA 2","36.6945419602","10.1658581719",False,"2026-04-03 12:50:30.421","2026-04-03 12:50:30.421",NULL,NULL,NULL
"78","1078","MAGASIN DENDEN EL-AMAL","36.8118021468","10.1113300092",False,"2026-04-03 12:50:30.421","2026-04-03 12:50:30.421",NULL,NULL,NULL
"79","1079","MAGASIN DENDEN2","36.8042007883","10.1130671316",False,"2026-04-03 12:50:30.421","2026-04-03 12:50:30.421",NULL,NULL,NULL
"80","1080","MAGASIN TEBOURBA","36.8299004466","9.8411903912",False,"2026-04-03 12:50:30.421","2026-04-03 12:50:30.421",NULL,NULL,NULL
"81","1081","MAGASIN SIJOUMI","36.7643233998","10.1145828505",False,"2026-04-03 12:50:30.421","2026-04-03 12:50:30.421",NULL,NULL,NULL
"82","1082","MAGASIN BOUHSINA","35.8169474979","10.6176909713",False,"2026-04-03 12:50:30.421","2026-04-03 12:50:30.421",NULL,NULL,NULL
"83","1083","MAGASIN BOUARGOUB","36.5279065552","10.5542766344",False,"2026-04-03 12:50:30.421","2026-04-03 12:50:30.421",NULL,NULL,NULL
"84","1084","MAGASIN MORNAG","36.6801475172","10.2890977165",False,"2026-04-03 12:50:30.421","2026-04-03 12:50:30.421",NULL,NULL,NULL
"85","1085","MAGASIN EL AGBA","36.7880516403","10.0840374517",False,"2026-04-03 12:50:30.421","2026-04-03 12:50:30.421",NULL,NULL,NULL
"86","1086","MAGASIN SFAX ROUTE AIN 2","34.7482507773","10.7367092845",False,"2026-04-03 12:50:30.421","2026-04-03 12:50:30.421",NULL,NULL,NULL
"87","1087","MAGASIN NAASSEN","36.7053833511","10.2345871939",False,"2026-04-03 12:50:30.421","2026-04-03 12:50:30.421",NULL,NULL,NULL
"88","1088","MAGASIN ARIANA ESSOGHRA","36.8991371621","10.183478585",False,"2026-04-03 12:50:30.421","2026-04-03 12:50:30.421",NULL,NULL,NULL
"89","1089","MAGASIN HAMMEM LIF","36.7242456265","10.3491213173",False,"2026-04-03 12:50:30.421","2026-04-03 12:50:30.421",NULL,NULL,NULL
"90","1090","MAGASIN BOUSALEM","36.6078697226","8.970022915",False,"2026-04-03 12:50:30.421","2026-04-03 12:50:30.421",NULL,NULL,NULL
"91","1091","MAGASIN ZARMDINE","35.5740828243","10.7328544668",False,"2026-04-03 12:50:30.421","2026-04-03 12:50:30.421",NULL,NULL,NULL
"92","1092","MAGASIN SLIMEN BS","36.6940592536","10.494439913",False,"2026-04-03 12:50:30.421","2026-04-03 12:50:30.421",NULL,NULL,NULL
"93","1093","MAGASIN MEJEZ EL BAB","36.6503406321","9.6091273436",False,"2026-04-03 12:50:30.421","2026-04-03 12:50:30.421",NULL,NULL,NULL
"94","1094","MAGASIN EL HAMMA","33.8829939514","9.7938808728",False,"2026-04-03 12:50:30.421","2026-04-03 12:50:30.421",NULL,NULL,NULL
"95","1095","MAGASIN ELJEM","35.2927238729","10.7079728463",False,"2026-04-03 12:50:30.421","2026-04-03 12:50:30.421",NULL,NULL,NULL
"96","1096","MAGASIN GROMBALIA","36.6015456932","10.4972225376",False,"2026-04-03 12:50:30.421","2026-04-03 12:50:30.421",NULL,NULL,NULL
"97","1097","MAGASIN RADES MED ALI","36.7709768883","10.2732178383",False,"2026-04-03 12:50:30.421","2026-04-03 12:50:30.421",NULL,NULL,NULL
"98","1098","MAGASIN BEJA 2","36.7352021733","9.1784061992",False,"2026-04-03 12:50:30.421","2026-04-03 12:50:30.421",NULL,NULL,NULL
"99","1099","MAGASIN SOUSSE JAWHARA","35.8326648416","10.6209074629",False,"2026-04-03 12:50:30.421","2026-04-03 12:50:30.421",NULL,NULL,NULL
"100","1100","MAGASIN MESSAADINE","35.7607452128","10.5975235538",False,"2026-04-03 12:50:30.421","2026-04-03 12:50:30.421",NULL,NULL,NULL
"101","1101","MAGASIN MNIHLA","36.8446408927","10.1166320567",False,"2026-04-03 12:50:30.421","2026-04-03 12:50:30.421",NULL,NULL,NULL
"102","1102","MAGASIN ZARZOUNA","37.2646578775","9.8776845292",False,"2026-04-03 12:50:30.421","2026-04-03 12:50:30.421",NULL,NULL,NULL
"103","1103","MAGASIN MARSA CITE KHALIL","36.8886453237","10.3045158285",False,"2026-04-03 12:50:30.421","2026-04-03 12:50:30.421",NULL,NULL,NULL
"104","1104","MAGASIN BOUMHALL VILLE","36.7217016516","10.3012541082",False,"2026-04-03 12:50:30.421","2026-04-03 12:50:30.421",NULL,NULL,NULL
"105","1105","MAGASIN SEJNENE CENTRE","37.0578835347","9.240294954",False,"2026-04-03 12:50:30.421","2026-04-03 12:50:30.421",NULL,NULL,NULL
"106","1106","MAGASIN BIZERTE EL BHIRA","37.2883043593","9.8616640285",False,"2026-04-03 12:50:30.421","2026-04-03 12:50:30.421",NULL,NULL,NULL
"107","1107","MAGASIN MAKTHAR VILLE","35.8580376408","9.2029380857",False,"2026-04-03 12:50:30.421","2026-04-03 12:50:30.421",NULL,NULL,NULL
"108","1108","MAGASIN ZAOUIET SOUSSE","35.7846488188","10.6271476576",False,"2026-04-03 12:50:30.421","2026-04-03 12:50:30.421",NULL,NULL,NULL
"109","1109","MAGASIN MANZEL JEMIL","37.2334282281","9.9172769455",False,"2026-04-03 12:50:30.421","2026-04-03 12:50:30.421",NULL,NULL,NULL
"110","1110","MAGASIN BEN AROUS EL ISKANE","36.7476266361","10.2213243494",False,"2026-04-03 12:50:30.421","2026-04-03 12:50:30.421",NULL,NULL,NULL
"111","1111","MAGASIN IBN SINA2","36.747835193","10.1815228832",False,"2026-04-03 12:50:30.421","2026-04-03 12:50:30.421",NULL,NULL,NULL
"112","1112","MAGASIN MELASSINE","36.8001591747","10.1536447437",False,"2026-04-03 12:50:30.421","2026-04-03 12:50:30.421",NULL,NULL,NULL
"113","1114","MAGASIN HAMMAM ZRIBA","36.3549754377","10.2104946116",False,"2026-04-03 12:50:30.421","2026-04-03 12:50:30.421",NULL,NULL,NULL
"114","1115","MAGASIN GABES EL AMAL","33.8643956392","10.0945797571",False,"2026-04-03 12:50:30.421","2026-04-03 12:50:30.421",NULL,NULL,NULL
"115","1116","MAGASIN JEBENIANA CENTRE","35.0329574723","10.9093732477",False,"2026-04-03 12:50:30.421","2026-04-03 12:50:30.421",NULL,NULL,NULL
"116","1117","MAGASIN RAOUED JAAFER","36.9095146705","10.1782248894",False,"2026-04-03 12:50:30.421","2026-04-03 12:50:30.421",NULL,NULL,NULL
"117","1118","MAGASIN SALTNIA","0","0",False,"2026-04-03 12:50:30.421","2026-04-03 12:50:30.421",NULL,NULL,NULL
"118","1119","MAGASIN TEBOULBA2","35.6444524306","10.970194119",False,"2026-04-03 12:50:30.421","2026-04-03 12:50:30.421",NULL,NULL,NULL
"119","1120","MAGASIN KASSERINE ENNOUR","35.1664698859","8.8427186096",False,"2026-04-03 12:50:30.421","2026-04-03 12:50:30.421",NULL,NULL,NULL
"120","1121","MAGASIN MARSA BHAR LAZRAG","36.876670874","10.2938640001",False,"2026-04-03 12:50:30.421","2026-04-03 12:50:30.421",NULL,NULL,NULL
"121","1122","MAGASIN ETTADHAMEN MARCHE","36.8323409048","10.1100152317",False,"2026-04-03 12:50:30.421","2026-04-03 12:50:30.421",NULL,NULL,NULL
"122","1123","MAGASIN MENZEL BOUZELFA2","36.6839088474","10.5851336512",False,"2026-04-03 12:50:30.421","2026-04-03 12:50:30.421",NULL,NULL,NULL
"123","1124","MAGASIN GHARDIMAOU","36.4484961385","8.4408980768",False,"2026-04-03 12:50:30.421","2026-04-03 12:50:30.421",NULL,NULL,NULL
"124","1125","MAGASIN RAOUED SIDI AMOR","36.9443043983","10.1752477405",False,"2026-04-03 12:50:30.421","2026-04-03 12:50:30.421",NULL,NULL,NULL
"125","1126","MAGASIN RAS JEBEL1","37.2175872999","10.1287479938",False,"2026-04-03 12:50:30.421","2026-04-03 12:50:30.421",NULL,NULL,NULL
"126","1127","MAGASIN OUARDANINE","35.7101203996","10.6758812649",False,"2026-04-03 12:50:30.421","2026-04-03 12:50:30.421",NULL,NULL,NULL
"127","1128","MAGASIN SFAX ROUTE GABES","34.6872039638","10.7065080517",False,"2026-04-03 12:50:30.421","2026-04-03 12:50:30.421",NULL,NULL,NULL
"128","1129","MAGASIN KSAR HELLAL 1","35.6535661565","10.8735485275",False,"2026-04-03 12:50:30.421","2026-04-03 12:50:30.421",NULL,NULL,NULL
"129","1130","MAGASIN HAMMAM SOUSSE1","35.8576935794","10.5975190996",False,"2026-04-03 12:50:30.421","2026-04-03 12:50:30.421",NULL,NULL,NULL
"130","1131","MAGASIN SOUSSE LAOUINA","35.8087390573","10.6293818112",False,"2026-04-03 12:50:30.421","2026-04-03 12:50:30.421",NULL,NULL,NULL
"131","1132","MAGASIN CHATT MARIEM","35.9372399576","10.5551526019",False,"2026-04-03 12:50:30.421","2026-04-03 12:50:30.421",NULL,NULL,NULL
"132","1133","MAGASIN CHEBBAOU","36.8441525323","10.0377513731",False,"2026-04-03 12:50:30.421","2026-04-03 12:50:30.421",NULL,NULL,NULL
"133","1134","MAGASIN ENNASR","36.858851315","10.1664348173",False,"2026-04-03 12:50:30.421","2026-04-03 12:50:30.421",NULL,NULL,NULL
"134","1135","MAGASIN KSAR HELLAL 2","35.6415958502","10.8855473662",False,"2026-04-03 12:50:30.421","2026-04-03 12:50:30.421",NULL,NULL,NULL
"135","1136","MAGASIN DAR CHAABANE","36.4589933545","10.7470007934",False,"2026-04-03 12:50:30.421","2026-04-03 12:50:30.421",NULL,NULL,NULL
"136","1137","MAGASIN EL FAHS","36.3741626522","9.9030188324",False,"2026-04-03 12:50:30.421","2026-04-03 12:50:30.421",NULL,NULL,NULL
"137","1138","MAGASIN KSAR HELLAL3","35.6484912281","10.8834347115",False,"2026-04-03 12:50:30.421","2026-04-03 12:50:30.421",NULL,NULL,NULL
"138","1139","MAGASIN CITE ENNOZHA","36.8633258544","10.197763721",False,"2026-04-03 12:50:30.421","2026-04-03 12:50:30.421",NULL,NULL,NULL
"139","1140","MAGASIN HAFFOUZ","35.6357611103","9.6760187478",False,"2026-04-03 12:50:30.421","2026-04-03 12:50:30.421",NULL,NULL,NULL
"140","1141","MAGASIN CITE ETTAHRIR","36.8236530624","10.1265182",False,"2026-04-03 12:50:30.421","2026-04-03 12:50:30.421",NULL,NULL,NULL
"141","1142","MAGASIN DENDEN3","36.8023457221","10.1060090813",False,"2026-04-03 12:50:30.421","2026-04-03 12:50:30.421",NULL,NULL,NULL
"142","1143","MAGASIN MEDENINE ROUTE GABES","33.3545259537","10.4790096563",False,"2026-04-03 12:50:30.421","2026-04-03 12:50:30.421",NULL,NULL,NULL
"143","1144","MAGASIN KALAAT LANDALOUS","37.0623794274","10.1181705229",False,"2026-04-03 12:50:30.421","2026-04-03 12:50:30.421",NULL,NULL,NULL
"144","1145","MAGASIN CITE KHADHRA1","36.8310461551","10.1946164662",False,"2026-04-03 12:50:30.421","2026-04-03 12:50:30.421",NULL,NULL,NULL
"145","1147","MAGASIN EL FAHS2","36.3708167719","9.9018250446",False,"2026-04-03 12:50:30.421","2026-04-03 12:50:30.421",NULL,NULL,NULL
"146","1148","MAGASIN SBIKHA","35.9324016399","10.020889356",False,"2026-04-03 12:50:30.421","2026-04-03 12:50:30.421",NULL,NULL,NULL
"147","1149","MAGASIN KELIBIA 2","36.8526609226","11.0921476578",False,"2026-04-03 12:50:30.421","2026-04-03 12:50:30.421",NULL,NULL,NULL
"148","1150","MAGASIN BIR EL BEY","36.706805788","10.3791046109",False,"2026-04-03 12:50:30.421","2026-04-03 12:50:30.421",NULL,NULL,NULL
"149","1151","MAGASIN BENNANE","35.676699089","10.8331045179",False,"2026-04-03 12:50:30.421","2026-04-03 12:50:30.421",NULL,NULL,NULL
"150","1152","MAGASIN KSIBET EL MEDIOUNI","35.6868065365","10.8430130447",False,"2026-04-03 12:50:30.421","2026-04-03 12:50:30.421",NULL,NULL,NULL
"151","1153","MAGASIN JDEIDA","36.8313311099","9.9396390603",False,"2026-04-03 12:50:30.421","2026-04-03 12:50:30.421",NULL,NULL,NULL
"152","1154","MAGASIN BARDO SAIDIA","36.8035939536","10.129295451",False,"2026-04-03 12:50:30.421","2026-04-03 12:50:30.421",NULL,NULL,NULL
"153","1155","MAGASIN BARDO HEDI CHAKER","36.8041404981","10.135148511",False,"2026-04-03 12:50:30.421","2026-04-03 12:50:30.421",NULL,NULL,NULL
"154","1156","MAGASIN MSAKEN2","35.7351271524","10.5806722288",False,"2026-04-03 12:50:30.421","2026-04-03 12:50:30.421",NULL,NULL,NULL
"155","1157","MAGASIN EL OUERDIA BS","36.7652656604","10.193361042",False,"2026-04-03 12:50:30.421","2026-04-03 12:50:30.421",NULL,NULL,NULL
"156","1158","MAGASIN CITE BEN YOUNES","36.8018865053","10.0989772398",False,"2026-04-03 12:50:30.421","2026-04-03 12:50:30.421",NULL,NULL,NULL
"157","1159","MAGASIN KEF MONGI SLIM","36.1706344151","8.7060460519",False,"2026-04-03 12:50:30.421","2026-04-03 12:50:30.421",NULL,NULL,NULL
"158","1160","MAGASIN SOUSSE RIADH 03","35.8080249671","10.6079680951",False,"2026-04-03 12:50:30.421","2026-04-03 12:50:30.421",NULL,NULL,NULL
"159","1161","MAGASIN SBEITLA1","35.230136982","9.1292058799",False,"2026-04-03 12:50:30.421","2026-04-03 12:50:30.421",NULL,NULL,NULL
"160","1162","MAGASIN MEDENINE2","33.337035833","10.4863481593",False,"2026-04-03 12:50:30.421","2026-04-03 12:50:30.421",NULL,NULL,NULL
"161","1163","MAGASIN BOUARADA","36.3511045172","9.624326119",False,"2026-04-03 12:50:30.421","2026-04-03 12:50:30.421",NULL,NULL,NULL
"162","1164","MAGASIN ELYASMINETTE","36.7366315355","10.2424411924",False,"2026-04-03 12:50:30.421","2026-04-03 12:50:30.421",NULL,NULL,NULL
"163","1165","MAGASIN RADES2","36.7742985571","10.2828521043",False,"2026-04-03 12:50:30.421","2026-04-03 12:50:30.421",NULL,NULL,NULL
"164","1166","MAGASIN EL MOUROUJ4","36.7180947706","10.2160325816",False,"2026-04-03 12:50:30.421","2026-04-03 12:50:30.421",NULL,NULL,NULL
"165","1167","MAGASIN CITE BEN YOUNES2","36.795290375","10.0891765282",False,"2026-04-03 12:50:30.421","2026-04-03 12:50:30.421",NULL,NULL,NULL
"166","1168","MAGASIN GAFSA ENNOUR1","34.4336093757","8.780971194",False,"2026-04-03 12:50:30.421","2026-04-03 12:50:30.421",NULL,NULL,NULL
"167","1169","MAGASIN HAMMAM SOUSSE2","35.8493384228","10.5899285158",False,"2026-04-03 12:50:30.421","2026-04-03 12:50:30.421",NULL,NULL,NULL
"168","1170","MAGASIN GAFSA EL KSAR","34.4053764013","8.7999076514",False,"2026-04-03 12:50:30.421","2026-04-03 12:50:30.421",NULL,NULL,NULL
"169","1171","MAGASIN SFAX SIDI MANSOUR","34.7576480942","10.7904118051",False,"2026-04-03 12:50:30.421","2026-04-03 12:50:30.421",NULL,NULL,NULL
"170","1172","MAGASIN MOKNINE 2","35.6357844572","10.8990341274",False,"2026-04-03 12:50:30.421","2026-04-03 12:50:30.421",NULL,NULL,NULL
"171","1173","MAGASIN KASSERINE","35.1766512317","8.8519048769",False,"2026-04-03 12:50:30.421","2026-04-03 12:50:30.421",NULL,NULL,NULL
"172","1174","MAGASIN HANCHA","35.1223910849","10.7406756561",False,"2026-04-03 12:50:30.421","2026-04-03 12:50:30.421",NULL,NULL,NULL
"173","1175","MAGASIN TEBOURSOUK","36.4580370001","9.2493385099",False,"2026-04-03 12:50:30.421","2026-04-03 12:50:30.421",NULL,NULL,NULL
"174","1176","MAGASIN SERS","36.0743692428","9.0240110846",False,"2026-04-03 12:50:30.421","2026-04-03 12:50:30.421",NULL,NULL,NULL
"175","1177","MAGASIN LE KRAM MARCHE","36.8389101286","10.313866712",False,"2026-04-03 12:50:30.421","2026-04-03 12:50:30.421",NULL,NULL,NULL
"176","1178","MAGASIN GAFSA ENNOUR2","34.4280584753","8.7828810128",False,"2026-04-03 12:50:30.421","2026-04-03 12:50:30.421",NULL,NULL,NULL
"177","1179","MAGASIN SOUSSE JAWHARA2","35.8246613407","10.6255245301",False,"2026-04-03 12:50:30.421","2026-04-03 12:50:30.421",NULL,NULL,NULL
"178","1180","MAGASIN DHMNI","35.944946353","8.8256427417",False,"2026-04-03 12:50:30.421","2026-04-03 12:50:30.421",NULL,NULL,NULL
"179","1181","MAGASIN EL KEF BARNOUSSA","36.1563702849","8.6963131031",False,"2026-04-03 12:50:30.421","2026-04-03 12:50:30.421",NULL,NULL,NULL
"180","1182","MAGASIN SILIANA1","36.0847053632","9.3682166663",False,"2026-04-03 12:50:30.421","2026-04-03 12:50:30.421",NULL,NULL,NULL
"181","1183","MAGASIN JENDOUBA","36.492745274","8.7869126123",False,"2026-04-03 12:50:30.421","2026-04-03 12:50:30.421",NULL,NULL,NULL
"182","1184","MAGASIN KHAZNADAR","36.7999293465","10.1225192737",False,"2026-04-03 12:50:30.421","2026-04-03 12:50:30.421",NULL,NULL,NULL
"183","1185","MAGASIN MNIHLA RTE CHINOIS","36.8467735852","10.0953614395",False,"2026-04-03 12:50:30.421","2026-04-03 12:50:30.421",NULL,NULL,NULL
"184","1186","MAGASIN JERBA MIDOUN","33.8090508863","10.9895749841",False,"2026-04-03 12:50:30.421","2026-04-03 12:50:30.421",NULL,NULL,NULL
"185","1187","MAGASIN BS TOZEUR","33.922404872","8.1322661235",False,"2026-04-03 12:50:30.421","2026-04-03 12:50:30.421",NULL,NULL,NULL
"186","1188","MAGASIN BS SFAX RTE GREMDA","34.7925205316","10.7164064083",False,"2026-04-03 12:50:30.421","2026-04-03 12:50:30.421",NULL,NULL,NULL
"187","1189","MAGASIN EZZAHRA BS","36.7344130027","10.3187434033",False,"2026-04-03 12:50:30.421","2026-04-03 12:50:30.421",NULL,NULL,NULL
"188","1190","MAGASIN METLAOUI","34.3148876244","8.4055359027",False,"2026-04-03 12:50:30.421","2026-04-03 12:50:30.421",NULL,NULL,NULL
"189","1191","MAGASIN EL OMRANE SUPERIEUR","36.8394073184","10.124435164",False,"2026-04-03 12:50:30.421","2026-04-03 12:50:30.421",NULL,NULL,NULL
"190","1192","MAGASIN BARDO KATKOUT","36.8142884142","10.1340693933",False,"2026-04-03 12:50:30.421","2026-04-03 12:50:30.421",NULL,NULL,NULL
"191","1193","MAGASIN HAOUARIA","37.048048001","11.0124502417",False,"2026-04-03 12:50:30.421","2026-04-03 12:50:30.421",NULL,NULL,NULL
"192","1194","MAGASIN BOUSALEM 2","36.6097612287","8.9723061072",False,"2026-04-03 12:50:30.421","2026-04-03 12:50:30.421",NULL,NULL,NULL
"193","1195","MAGASIN BIZERTE CORNICHE","37.2973102579","9.8672781961",False,"2026-04-03 12:50:30.421","2026-04-03 12:50:30.421",NULL,NULL,NULL
"194","1196","MAGASIN HAJEB EL AYOUN","35.395109343","9.5449056768",False,"2026-04-03 12:50:30.421","2026-04-03 12:50:30.421",NULL,NULL,NULL
"195","1197","MAGASIN DOUAR HICHER3","36.82287847","10.0734319533",False,"2026-04-03 12:50:30.421","2026-04-03 12:50:30.421",NULL,NULL,NULL
"196","1198","MAGASIN BIZERTE AIN MERIEM","37.2889919572","9.8668396074",False,"2026-04-03 12:50:30.421","2026-04-03 12:50:30.421",NULL,NULL,NULL
"197","1199","MAGASIN ARIANA MARCHE","36.8599217286","10.1926447467",False,"2026-04-03 12:50:30.421","2026-04-03 12:50:30.421",NULL,NULL,NULL
"198","1200","MAGASIN EL MOUROUJ5 ETTAKWA","36.7132023536","10.2112274741",False,"2026-04-03 12:50:30.421","2026-04-03 12:50:30.421",NULL,NULL,NULL
"199","1201","MAGASIN KSAR SAID","36.8265693783","10.116444875",False,"2026-04-03 12:50:30.421","2026-04-03 12:50:30.421",NULL,NULL,NULL
"200","1202","MAGASIN ARIANA JADIDA","36.8519804492","10.1811408196",False,"2026-04-03 12:50:30.421","2026-04-03 12:50:30.421",NULL,NULL,NULL
"201","1204","MAGASIN REJICH","35.4659231377","11.0418611244",False,"2026-04-03 12:50:30.421","2026-04-03 12:50:30.421",NULL,NULL,NULL
"202","1205","MAGASIN SOUSSE ROUTE KHEZAMA","35.8464079389","10.6111896375",False,"2026-04-03 12:50:30.421","2026-04-03 12:50:30.421",NULL,NULL,NULL
"203","1206","MAGASIN SILIANA NORD","36.0913399436","9.3658107188",False,"2026-04-03 12:50:30.421","2026-04-03 12:50:30.421",NULL,NULL,NULL
"204","1208","MAGASIN ZAGHOUAN","36.4077940987","10.1397037483",False,"2026-04-03 12:50:30.421","2026-04-03 12:50:30.421",NULL,NULL,NULL
"205","1209","MAGASIN KASSERINE EZZOUHOUR","35.1646826435","8.8325241208",False,"2026-04-03 12:50:30.421","2026-04-03 12:50:30.421",NULL,NULL,NULL
"206","1210","MAGASIN SBIBA","35.5438863032","9.0741318939",False,"2026-04-03 12:50:30.421","2026-04-03 12:50:30.421",NULL,NULL,NULL
"207","1211","MAGASIN SFAX ROUTE MHARZA","34.7250024062","10.730276887",False,"2026-04-03 12:50:30.421","2026-04-03 12:50:30.421",NULL,NULL,NULL
"208","1212","MAGASIN BELLEVUE","36.779207523","10.1916968703",False,"2026-04-03 12:50:30.421","2026-04-03 12:50:30.421",NULL,NULL,NULL
"209","1213","MAGASIN SOUSSE CORNICHE","35.8374698758","10.6303730748",False,"2026-04-03 12:50:30.421","2026-04-03 12:50:30.421",NULL,NULL,NULL
"210","1214","MAGASIN BEKALTA","35.6191710952","10.9943961096",False,"2026-04-03 12:50:30.421","2026-04-03 12:50:30.421",NULL,NULL,NULL
"211","1215","MAGASIN SOUSSE KHEZAMA LES ORA","35.8553568823","10.6108074503",False,"2026-04-03 12:50:30.421","2026-04-03 12:50:30.421",NULL,NULL,NULL
"212","1216","MAGASIN SIDI BOUZID 01","35.0363521555","9.4948488817",False,"2026-04-03 12:50:30.421","2026-04-03 12:50:30.421",NULL,NULL,NULL
"213","1218","MAGASIN MATEUR","37.0407214949","9.6626769509",False,"2026-04-03 12:50:30.421","2026-04-03 12:50:30.421",NULL,NULL,NULL
"214","1219","MAGASIN AVENUE MADRID","36.8078373981","10.1778568377",False,"2026-04-03 12:50:30.421","2026-04-03 12:50:30.421",NULL,NULL,NULL
"215","1220","MAGASIN MENZEL TEMIM3","36.7761780992","10.9823644216",False,"2026-04-03 12:50:30.421","2026-04-03 12:50:30.421",NULL,NULL,NULL
"216","1221","MAGASIN EZZOUHOUR2","36.7921694041","10.1248227309",False,"2026-04-03 12:50:30.421","2026-04-03 12:50:30.421",NULL,NULL,NULL
"217","1222","MAGASIN BORJ LOUZIRN 2","36.875115305","10.2035336793",False,"2026-04-03 12:50:30.421","2026-04-03 12:50:30.421",NULL,NULL,NULL
"218","1223","MAGASIN GAFSA SNED","34.5401674109","9.2524626295",False,"2026-04-03 12:50:30.421","2026-04-03 12:50:30.421",NULL,NULL,NULL
"219","1224","MAGASIN FOUCHANA3","36.6981716578","10.1710494542",False,"2026-04-03 12:50:30.421","2026-04-03 12:50:30.421",NULL,NULL,NULL
"220","1225","MAGASIN SFAX CITE EL BAHRI","34.7280435316","10.7044864974",False,"2026-04-03 12:50:30.421","2026-04-03 12:50:30.421",NULL,NULL,NULL
"221","1227","MAGASIN JAYARA SIDI HASSINE","36.7722115701","10.1090072896",False,"2026-04-03 12:50:30.421","2026-04-03 12:50:30.421",NULL,NULL,NULL
"222","1228","MAGASIN BENI KHALLED 2","36.6522655589","10.5900007501",False,"2026-04-03 12:50:30.421","2026-04-03 12:50:30.421",NULL,NULL,NULL
"223","1229","MAGASIN MAHDIA3","35.5078135666","11.0520531063",False,"2026-04-03 12:50:30.421","2026-04-03 12:50:30.421",NULL,NULL,NULL
"224","1230","MAGASIN MONASTIR 3","35.7658555094","10.8110991329",False,"2026-04-03 12:50:30.421","2026-04-03 12:50:30.421",NULL,NULL,NULL
"225","1231","MAGASIN EL OMRANE SUPERIEUR2","36.831245636","10.1233594794",False,"2026-04-03 12:50:30.421","2026-04-03 12:50:30.421",NULL,NULL,NULL
"226","1232","MAGASIN KAIROUAN RTE OUESLATIA","35.6815442651","10.0820162303",False,"2026-04-03 12:50:30.421","2026-04-03 12:50:30.421",NULL,NULL,NULL
"227","1233","MAGASIN ZAHROUNI ENNAKHIL","36.790271429","10.1094196996",False,"2026-04-03 12:50:30.421","2026-04-03 12:50:30.421",NULL,NULL,NULL
"228","1234","MAGASIN BS SFAX CHIHIA","34.79701265","10.7420153344",False,"2026-04-03 12:50:30.421","2026-04-03 12:50:30.421",NULL,NULL,NULL
"229","1235","MAGASIN BOUMHAL BEL AIR","36.7273184403","10.3066366965",False,"2026-04-03 12:50:30.421","2026-04-03 12:50:30.421",NULL,NULL,NULL
"230","1236","MAGASIN CHEBBAOU2","36.845312464","10.0323942803",False,"2026-04-03 12:50:30.421","2026-04-03 12:50:30.421",NULL,NULL,NULL
"231","1237","MAGASIN MONASTIR 04","35.7738061019","10.8057235611",False,"2026-04-03 12:50:30.421","2026-04-03 12:50:30.421",NULL,NULL,NULL
"232","1238","MAGASIN MONASTIR SAYADA","35.6662629268","10.8919747726",False,"2026-04-03 12:50:30.421","2026-04-03 12:50:30.421",NULL,NULL,NULL
"233","1240","MAGASIN SFAX ROUTE MAHDIA","34.7852224926","10.7784210425",False,"2026-04-03 12:50:30.421","2026-04-03 12:50:30.421",NULL,NULL,NULL
"234","1241","MAGASIN KHNIS","35.7124971429","10.8164200631",False,"2026-04-03 12:50:30.421","2026-04-03 12:50:30.421",NULL,NULL,NULL
"235","1242","MAGASIN SIDI THABET","36.9086211676","10.0426200333",False,"2026-04-03 12:50:30.421","2026-04-03 12:50:30.421",NULL,NULL,NULL
"236","1243","MAGASIN MOKNINE 3","35.6320196054","10.8977857325",False,"2026-04-03 12:50:30.421","2026-04-03 12:50:30.421",NULL,NULL,NULL
"237","1244","MAGASIN SALTNIA2","34.7718877928","10.789137413",False,"2026-04-03 12:50:30.421","2026-04-03 12:50:30.421",NULL,NULL,NULL
"238","1245","MAGASIN KSOUR ESSEF2","35.4175501273","10.9926583255",False,"2026-04-03 12:50:30.421","2026-04-03 12:50:30.421",NULL,NULL,NULL
"239","1246","MAGASIN TATAOUINE","32.9287984509","10.4461029381",False,"2026-04-03 12:50:30.421","2026-04-03 12:50:30.421",NULL,NULL,NULL
"240","1247","MAGASIN BORJ LOUZIR ERRAOUDHA","36.8738687817","10.219402031",False,"2026-04-03 12:50:30.421","2026-04-03 12:50:30.421",NULL,NULL,NULL
"241","1249","MAGASIN KELIBIA 3","36.8443364265","11.0814733126",False,"2026-04-03 12:50:30.421","2026-04-03 12:50:30.421",NULL,NULL,NULL
"242","1250","MAGASIN MAHRES","34.52505726","10.4969195112",False,"2026-04-03 12:50:30.421","2026-04-03 12:50:30.421",NULL,NULL,NULL
"243","1252","MAGASIN KEBILI1","33.704872142","8.9712414085",False,"2026-04-03 12:50:30.421","2026-04-03 12:50:30.421",NULL,NULL,NULL
"244","1253","MAGASIN MEKNASSY","34.6057638969","9.6050504741",False,"2026-04-03 12:50:30.421","2026-04-03 12:50:30.421",NULL,NULL,NULL
"245","1254","MAGASIN MARSA JBEL KHAOUI","36.8863013351","10.3103193165",False,"2026-04-03 12:50:30.421","2026-04-03 12:50:30.421",NULL,NULL,NULL
"246","1256","MAGASIN SBEITLA2","35.2393396167","9.117956845",False,"2026-04-03 12:50:30.421","2026-04-03 12:50:30.421",NULL,NULL,NULL
"247","1257","MAGASIN KHEIREDDINE","36.8266007402","10.3116909619",False,"2026-04-03 12:50:30.421","2026-04-03 12:50:30.421",NULL,NULL,NULL
"248","1258","MAGASIN GROMBALIA 2","36.6019411847","10.5012093068",False,"2026-04-03 12:50:30.421","2026-04-03 12:50:30.421",NULL,NULL,NULL
"249","1259","MAGASIN BIZERTE CITE ENNAKHLA","37.2789331426","9.8461521216",False,"2026-04-03 12:50:30.421","2026-04-03 12:50:30.421",NULL,NULL,NULL
"250","1260","MAGASIN AIN ZAGHOUAN 2","36.8625659973","10.2802536614",False,"2026-04-03 12:50:30.421","2026-04-03 12:50:30.421",NULL,NULL,NULL
"251","1261","MAGASIN HAMMAM LIF MARCHE","36.7301160606","10.3370051907",False,"2026-04-03 12:50:30.421","2026-04-03 12:50:30.421",NULL,NULL,NULL
"252","1262","MAGASIN MOUROUJ 2","36.7427546956","10.2015639317",False,"2026-04-03 12:50:30.421","2026-04-03 12:50:30.421",NULL,NULL,NULL
"253","1263","MAGASIN TAZARKA","36.5475120515","10.8353574482",False,"2026-04-03 12:50:30.421","2026-04-03 12:50:30.421",NULL,NULL,NULL
"254","1264","MAGASIN SOUSSE SAHLOUL 2","35.8437412798","10.5961078304",False,"2026-04-03 12:50:30.421","2026-04-03 12:50:30.421",NULL,NULL,NULL
"255","1265","MAGASIN BORJ LOUZIR 3","36.8678449228","10.2005199717",False,"2026-04-03 12:50:30.421","2026-04-03 12:50:30.421",NULL,NULL,NULL
"256","1266","MAGASIN MONASTIR 5","35.7770459183","10.8269385803",False,"2026-04-03 12:50:30.421","2026-04-03 12:50:30.421",NULL,NULL,NULL
"257","1267","MAGASIN SIDI BOUZID 03","35.0388583327","9.4690427769",False,"2026-04-03 12:50:30.421","2026-04-03 12:50:30.421",NULL,NULL,NULL
"258","1268","MAGASIN TEBOURBA 2","36.8343782557","9.8370336132",False,"2026-04-03 12:50:30.421","2026-04-03 12:50:30.421",NULL,NULL,NULL
"259","1269","MAGASIN MENZEL NOUR","35.6692267785","10.7782136973",False,"2026-04-03 12:50:30.421","2026-04-03 12:50:30.421",NULL,NULL,NULL
"260","1272","MAGASIN NABEUL-VILLE 2","36.458384587","10.7370251421",False,"2026-04-03 12:50:30.421","2026-04-03 12:50:30.421",NULL,NULL,NULL
"261","1273","MAGASIN OMAR MOKHTAR","36.7319641597","10.1249547676",False,"2026-04-03 12:50:30.421","2026-04-03 12:50:30.421",NULL,NULL,NULL
"262","1274","MAGASIN BORJ CEDRIA","36.7041968846","10.4076655679",False,"2026-04-03 12:50:30.421","2026-04-03 12:50:30.421",NULL,NULL,NULL
"263","1276","MAGASIN RAOUED ROUTE DE LA PLA","36.9437694144","10.1819642538",False,"2026-04-03 12:50:30.421","2026-04-03 12:50:30.421",NULL,NULL,NULL
"264","1277","MAGASIN JENDOUBA SUD 2","36.5071161433","8.7838754576",False,"2026-04-03 12:50:30.421","2026-04-03 12:50:30.421",NULL,NULL,NULL
"265","1278","MAGASIN BOUHAJLA","35.3967219379","10.0496778773",False,"2026-04-03 12:50:30.421","2026-04-03 12:50:30.421",NULL,NULL,NULL
"266","1279","MAGASIN ZARMDINE CHRAGUI","35.5796397359","10.7377365021",False,"2026-04-03 12:50:30.421","2026-04-03 12:50:30.421",NULL,NULL,NULL
"267","1280","MAGASIN CHEBBA WAHHEB","35.2337033272","11.1138090641",False,"2026-04-03 12:50:30.421","2026-04-03 12:50:30.421",NULL,NULL,NULL
"268","1281","MAGASIN EZZAHROUNI","36.7810496959","10.1026926599",False,"2026-04-03 12:50:30.421","2026-04-03 12:50:30.421",NULL,NULL,NULL
"269","1282","MAGASIN MHAMDIA 3","36.6856849573","10.1553799971",False,"2026-04-03 12:50:30.421","2026-04-03 12:50:30.421",NULL,NULL,NULL
"270","1283","MAGASIN THALA","35.5747937493","8.6699884023",False,"2026-04-03 12:50:30.421","2026-04-03 12:50:30.421",NULL,NULL,NULL
"271","1284","MAGASIN KALAA KEBIRA3","35.8692567008","10.5432962421",False,"2026-04-03 12:50:30.421","2026-04-03 12:50:30.421",NULL,NULL,NULL
"272","1285","MAGASIN HAMMAM SOUSSE3","35.8667445038","10.6026767889",False,"2026-04-03 12:50:30.421","2026-04-03 12:50:30.421",NULL,NULL,NULL
"273","1286","MAGASIN BAB SOUIKA","36.8041150431","10.1725611209",False,"2026-04-03 12:50:30.421","2026-04-03 12:50:30.421",NULL,NULL,NULL
"274","1287","MAGASIN MENZEL BOUZELFA3","36.6828216061","10.5882168802",False,"2026-04-03 12:50:30.421","2026-04-03 12:50:30.421",NULL,NULL,NULL
"275","1288","MAGASIN HAMMAM SOUSSE4","35.8555436156","10.5875849291",False,"2026-04-03 12:50:30.421","2026-04-03 12:50:30.421",NULL,NULL,NULL
"276","1289","MAGASIN MORNAGUIA 20MARS","36.7574106477","10.0112136228",False,"2026-04-03 12:50:30.421","2026-04-03 12:50:30.421",NULL,NULL,NULL
"277","1292","MAGASIN DOUZ","33.4568171235","9.0242041903",False,"2026-04-03 12:50:30.421","2026-04-03 12:50:30.421",NULL,NULL,NULL
"278","1293","MAGASIN SOUSSE ETTAAMIR","35.8050195665","10.6167883613",False,"2026-04-03 12:50:30.421","2026-04-03 12:50:30.421",NULL,NULL,NULL
"279","1294","MAGASIN ENNKHILET","36.8814661471","10.1898942171",False,"2026-04-03 12:50:30.421","2026-04-03 12:50:30.421",NULL,NULL,NULL
"280","1296","MAGASIN IBN SINA3","36.7523988264","10.1800653658",False,"2026-04-03 12:50:30.421","2026-04-03 12:50:30.421",NULL,NULL,NULL
"281","1297","MAGASIN METOUIA","33.9606063294","9.9969779686",False,"2026-04-03 12:50:30.421","2026-04-03 12:50:30.421",NULL,NULL,NULL
"282","1298","MAGASIN BIR BOUREGBA","36.429224037","10.5752855861",False,"2026-04-03 12:50:30.421","2026-04-03 12:50:30.421",NULL,NULL,NULL
"283","1299","MAGASIN JENDOUBA NORD 01","36.5128550775","8.7610210329",False,"2026-04-03 12:50:30.421","2026-04-03 12:50:30.421",NULL,NULL,NULL
"284","1300","MAGASIN TAIEB MHIRI","36.8540642523","10.2606439007",False,"2026-04-03 12:50:30.421","2026-04-03 12:50:30.421",NULL,NULL,NULL
"285","1301","MAGASIN SIDI HASSINE2","36.7808309361","10.1116929832",False,"2026-04-03 12:50:30.421","2026-04-03 12:50:30.421",NULL,NULL,NULL
"286","1302","MAGASIN FERIANA","34.94053606","8.551282783",False,"2026-04-03 12:50:30.421","2026-04-03 12:50:30.421",NULL,NULL,NULL
"287","1303","MAGASIN EL HAMMA2","33.8893948181","9.7991684645",False,"2026-04-03 12:50:30.421","2026-04-03 12:50:30.421",NULL,NULL,NULL
"288","1304","MAGASIN BS SFAX RTE GREMDA2","34.7529136966","10.7474840391",False,"2026-04-03 12:50:30.421","2026-04-03 12:50:30.421",NULL,NULL,NULL
"289","1305","MAGASIN BOUSELEM 3","36.6117384551","8.9752789225",False,"2026-04-03 12:50:30.421","2026-04-03 12:50:30.421",NULL,NULL,NULL
"290","1306","MAGASIN BEJA SIDI FRADJ","36.7203283293","9.1973591501",False,"2026-04-03 12:50:30.421","2026-04-03 12:50:30.421",NULL,NULL,NULL
"291","1307","MAGASIN EL MOUROUJ1","36.7344552487","10.2016809867",False,"2026-04-03 12:50:30.421","2026-04-03 12:50:30.421",NULL,NULL,NULL
"292","1308","MAGASIN SIDI FATHALLAH","36.7656004316","10.2100308922",False,"2026-04-03 12:50:30.421","2026-04-03 12:50:30.421",NULL,NULL,NULL
"293","1309","MAGASIN RTE MENZEL CHAKER2","34.7567858458","10.7029044047",False,"2026-04-03 12:50:30.421","2026-04-03 12:50:30.421",NULL,NULL,NULL
"294","1310","MAGASIN MOKNINE 4","35.6308088806","10.9120051254",False,"2026-04-03 12:50:30.421","2026-04-03 12:50:30.421",NULL,NULL,NULL
"295","1311","MAGASIN METLINE","37.2441328132","10.0478854283",False,"2026-04-03 12:50:30.421","2026-04-03 12:50:30.421",NULL,NULL,NULL
"296","1312","MAGASIN AOUSJA","37.138836316","10.0976456299",False,"2026-04-03 12:50:30.421","2026-04-03 12:50:30.421",NULL,NULL,NULL
"297","1314","MAGASIN BLIBENE","35.8390273666","10.6157251163",False,"2026-04-03 12:50:30.421","2026-04-03 12:50:30.421",NULL,NULL,NULL
"298","1315","MAGASIN DOUZ 2","33.4599479214","9.0292693723",False,"2026-04-03 12:50:30.421","2026-04-03 12:50:30.421",NULL,NULL,NULL
"299","1316","MAGASIN EL GUETTAR","34.3395578279","8.9495210323",False,"2026-04-03 12:50:30.421","2026-04-03 12:50:30.421",NULL,NULL,NULL
"300","1317","MAGASIN NEFTA","33.8730395998","7.8766680931",False,"2026-04-03 12:50:30.421","2026-04-03 12:50:30.421",NULL,NULL,NULL
"301","1318","MAGASIN HRAIRIA","36.7851201698","10.1160288915",False,"2026-04-03 12:50:30.421","2026-04-03 12:50:30.421",NULL,NULL,NULL
"302","1319","MAGASIN SFAX RTE LAFRANE","34.7688078691","10.7212972436",False,"2026-04-03 12:50:30.421","2026-04-03 12:50:30.421",NULL,NULL,NULL
"303","1320","MAGASIN HAMMAM CHATT","36.7127870342","10.3672181354",False,"2026-04-03 12:50:30.421","2026-04-03 12:50:30.421",NULL,NULL,NULL
"304","1321","MAGASIN AGUEREB","34.7404445543","10.529854463",False,"2026-04-03 12:50:30.421","2026-04-03 12:50:30.421",NULL,NULL,NULL
"305","1322","MAGASIN BOUFICHA","36.301081747","10.4555093624",False,"2026-04-03 12:50:30.421","2026-04-03 12:50:30.421",NULL,NULL,NULL
"306","1323","MAGASIN SIDI ALI BEN AOUN","34.8520369683","9.1445895014",False,"2026-04-03 12:50:30.421","2026-04-03 12:50:30.421",NULL,NULL,NULL
"307","1324","MAGASIN SIDI HASSINE 3","36.7664559345","10.1113024477",False,"2026-04-03 12:50:30.421","2026-04-03 12:50:30.421",NULL,NULL,NULL
"308","1325","MAGASIN SOUSSE EZZOUHOUR","35.7918273738","10.5913347599",False,"2026-04-03 12:50:30.421","2026-04-03 12:50:30.421",NULL,NULL,NULL
"309","1326","MAGASIN MAHDIA4","35.5040804276","11.0664098238",False,"2026-04-03 12:50:30.421","2026-04-03 12:50:30.421",NULL,NULL,NULL
"310","1327","MAGASIN MORNAGUIA VILLE","36.7577540755","10.017968049",False,"2026-04-03 12:50:30.421","2026-04-03 12:50:30.421",NULL,NULL,NULL
"311","1329","MAGASIN FOUCHANA AMAL","36.706544554","10.1679539595",False,"2026-04-03 12:50:30.421","2026-04-03 12:50:30.421",NULL,NULL,NULL
"312","1330","MAGASIN MEGRINE JAWHARA","36.7788993274","10.2309939505",False,"2026-04-03 12:50:30.421","2026-04-03 12:50:30.421",NULL,NULL,NULL
"313","1331","MAGASIN BHAR LAZREG 02","36.8713579991","10.2981066984",False,"2026-04-03 12:50:30.421","2026-04-03 12:50:30.421",NULL,NULL,NULL
"314","1332","MAGASIN INTILAKA","36.8375083779","10.1213504065",False,"2026-04-03 12:50:30.421","2026-04-03 12:50:30.421",NULL,NULL,NULL
"315","1333","MAGASIN 13 AOUT OUERDIA","36.7739360864","10.1796012995",False,"2026-04-03 12:50:30.421","2026-04-03 12:50:30.421",NULL,NULL,NULL
"316","1334","MAGASIN EZZOUHOUR CITE HOUAS","36.787217947","10.1057214208",False,"2026-04-03 12:50:30.421","2026-04-03 12:50:30.421",NULL,NULL,NULL
"317","1335","MAGASIN RADES EL MRAH","36.7630830812","10.2751377748",False,"2026-04-03 12:50:30.421","2026-04-03 12:50:30.421",NULL,NULL,NULL
"318","1336","MAGASIN MAJEL BEL ABBES","34.7486450445","8.5228953542",False,"2026-04-03 12:50:30.421","2026-04-03 12:50:30.421",NULL,NULL,NULL
"319","1337","MAGASIN SOUSSE RIADH4","35.803657658","10.6027961768",False,"2026-04-03 12:50:30.421","2026-04-03 12:50:30.421",NULL,NULL,NULL
"320","1338","MAGASIN DOUAR HICHER4","36.8336233376","10.0946374813",False,"2026-04-03 12:50:30.421","2026-04-03 12:50:30.421",NULL,NULL,NULL
"321","1339","MAGASIN JAYARA2 SIDI HASSINE","36.7752168826","10.094040218",False,"2026-04-03 12:50:30.421","2026-04-03 12:50:30.421",NULL,NULL,NULL
"322","1340","MAGASIN TEBOURBA 3","36.8239314762","9.8420975927",False,"2026-04-03 12:50:30.421","2026-04-03 12:50:30.421",NULL,NULL,NULL
"323","1341","MAGASIN ESSOUASSI","35.3433670293","10.547242564",False,"2026-04-03 12:50:30.421","2026-04-03 12:50:30.421",NULL,NULL,NULL
"324","1342","MAGASIN MAZZOUNA","34.5816939459","9.8437056512",False,"2026-04-03 12:50:30.421","2026-04-03 12:50:30.421",NULL,NULL,NULL
"325","1343","MAGASIN NASRALLAH","35.3504554483","9.830212491",False,"2026-04-03 12:50:30.421","2026-04-03 12:50:30.421",NULL,NULL,NULL
"326","1344","MAGASIN MAHDIA EZZAHARA","35.4997527117","11.0410177723",False,"2026-04-03 12:50:30.421","2026-04-03 12:50:30.421",NULL,NULL,NULL
"327","1346","MAGASIN SIDI BOUZID 04","35.0378878454","9.480711806",False,"2026-04-03 12:50:30.421","2026-04-03 12:50:30.421",NULL,NULL,NULL
"328","1347","MAGASIN SFAX RTE LAFRANE2","34.743847358","10.7528848058",False,"2026-04-03 12:50:30.421","2026-04-03 12:50:30.421",NULL,NULL,NULL
"329","1348","MAGASIN SFAX CITE TINA","34.6701960988","10.6949461624",False,"2026-04-03 12:50:30.421","2026-04-03 12:50:30.421",NULL,NULL,NULL
"330","1349","MAGASIN INTILAKA 2","36.8376922612","10.1163527333",False,"2026-04-03 12:50:30.421","2026-04-03 12:50:30.421",NULL,NULL,NULL
"331","1350","MAGASIN MEDENINE NORD","33.3473967839","10.4853569936",False,"2026-04-03 12:50:30.421","2026-04-03 12:50:30.421",NULL,NULL,NULL
"332","1351","MAGASIN GABES EL AMAL2","33.8535668075","10.0948523445",False,"2026-04-03 12:50:30.421","2026-04-03 12:50:30.421",NULL,NULL,NULL
"333","1352","MAGASIN OM LARAYES","34.4909560725","8.268913737",False,"2026-04-03 12:50:30.421","2026-04-03 12:50:30.421",NULL,NULL,NULL
"334","1353","MAGASIN MNIHLA CITE REPUBLIQUE","36.8449597399","10.106255831",False,"2026-04-03 12:50:30.421","2026-04-03 12:50:30.421",NULL,NULL,NULL
"335","1354","MAGASIN ENNADHOUR CENTRE","36.1187654251","10.0951887021",False,"2026-04-03 12:50:30.421","2026-04-03 12:50:30.421",NULL,NULL,NULL
"336","1355","MAGASIN BARDO 20 MARS","36.8083722765","10.1388541448",False,"2026-04-03 12:50:30.421","2026-04-03 12:50:30.421",NULL,NULL,NULL
"337","1356","MAGASIN MNIHLA ERRAFAHA","36.850882381","10.1260636446",False,"2026-04-03 12:50:30.421","2026-04-03 12:50:30.421",NULL,NULL,NULL
"338","1357","MAGASIN TAJEROUINE","35.8888957805","8.5526517525",False,"2026-04-03 12:50:30.421","2026-04-03 12:50:30.421",NULL,NULL,NULL
"339","1358","MAGASIN SIDI REZIG","36.7647877655","10.2440890198",False,"2026-04-03 12:50:30.421","2026-04-03 12:50:30.421",NULL,NULL,NULL
"340","1359","MAGASIN HAMMAM SOUSSE5","35.8560170732","10.6017047445",False,"2026-04-03 12:50:30.421","2026-04-03 12:50:30.421",NULL,NULL,NULL
"341","1361","MAGASIN EL ALA","35.6136965612","9.5625521902",False,"2026-04-03 12:50:30.421","2026-04-03 12:50:30.421",NULL,NULL,NULL
"342","1362","MAGASIN SFAX ROUTE SEDRA","34.8218050457","10.762859319",False,"2026-04-03 12:50:30.421","2026-04-03 12:50:30.421",NULL,NULL,NULL
"343","1363","MAGASIN OUESLATIA","35.8466902011","9.5890095593",False,"2026-04-03 12:50:30.421","2026-04-03 12:50:30.421",NULL,NULL,NULL
"344","1364","MAGASIN MDHILLA","34.2951844731","8.7597493612",False,"2026-04-03 12:50:30.421","2026-04-03 12:50:30.421",NULL,NULL,NULL
"345","1365","MAGASIN TATAOUINE2","32.9327503144","10.453562798",False,"2026-04-03 12:50:30.421","2026-04-03 12:50:30.421",NULL,NULL,NULL
"346","1366","MAGASIN MHAMDIA 4","36.6717189166","10.1616765535",False,"2026-04-03 12:50:30.421","2026-04-03 12:50:30.421",NULL,NULL,NULL
"347","1367","MAGASIN HAMMAMET JEBLI","36.4037216982","10.611658206",False,"2026-04-03 12:50:30.421","2026-04-03 12:50:30.421",NULL,NULL,NULL
"348","1368","MAGASIN OUED ELLIL2","36.8423898166","10.0443709602",False,"2026-04-03 12:50:30.421","2026-04-03 12:50:30.421",NULL,NULL,NULL
"349","1369","MAGASIN SIDI BOUZID VILLE","35.0324894744","9.4761815168",False,"2026-04-03 12:50:30.421","2026-04-03 12:50:30.421",NULL,NULL,NULL
"350","1371","MAGASIN OUEDHREF","33.9814346456","9.9726651297",False,"2026-04-03 12:50:30.421","2026-04-03 12:50:30.421",NULL,NULL,NULL
"351","1372","MAGASIN ZARZIS","33.5009446618","11.1091826663",False,"2026-04-03 12:50:30.421","2026-04-03 12:50:30.421",NULL,NULL,NULL
"352","1373","MAGASIN MONASTIR7","35.7607480169","10.8261466288",False,"2026-04-03 12:50:30.421","2026-04-03 12:50:30.421",NULL,NULL,NULL
"353","1374","MAGASIN JAMMEL4","35.626081296","10.7515014905",False,"2026-04-03 12:50:30.421","2026-04-03 12:50:30.421",NULL,NULL,NULL
"354","1375","MAGASIN MENZEL BOUZAIANE","34.573720602","9.4240110271",False,"2026-04-03 12:50:30.421","2026-04-03 12:50:30.421",NULL,NULL,NULL
"355","1376","MAGASIN SOUSSE SOUK LAHAD","35.816311947","10.6307449909",False,"2026-04-03 12:50:30.421","2026-04-03 12:50:30.421",NULL,NULL,NULL
"356","1377","MAGASIN SFAX ROUTE SOUKRA","34.7308038602","10.735562287",False,"2026-04-03 12:50:30.421","2026-04-03 12:50:30.421",NULL,NULL,NULL
"357","1379","MAGASIN MAKTHAR 2","35.856520703","9.1935593001",False,"2026-04-03 12:50:30.421","2026-04-03 12:50:30.421",NULL,NULL,NULL
"358","1380","MAGASIN MJEZ EL BAB 2","36.6454025794","9.6266380217",False,"2026-04-03 12:50:30.421","2026-04-03 12:50:30.421",NULL,NULL,NULL
"359","1381","MAGASIN METLAOUI 2","34.3159725467","8.3998144134",False,"2026-04-03 12:50:30.421","2026-04-03 12:50:30.421",NULL,NULL,NULL
"360","1382","MAGASIN SFAX BOUZAYEN","34.7721767449","10.7352822885",False,"2026-04-03 12:50:30.421","2026-04-03 12:50:30.421",NULL,NULL,NULL
"361","1383","MAGASIN HAMMAM CHATT2","36.7211892565","10.359552711",False,"2026-04-03 12:50:30.421","2026-04-03 12:50:30.421",NULL,NULL,NULL
"362","1384","MAGASIN ZAOUIET KONTECH","35.6358381108","10.7632062697",False,"2026-04-03 12:50:30.421","2026-04-03 12:50:30.421",NULL,NULL,NULL
"363","1385","MAGASIN TEBOULBOU","33.8450982437","10.1130143652",False,"2026-04-03 12:50:30.421","2026-04-03 12:50:30.421",NULL,NULL,NULL
"364","1386","MAGASIN RTE MENZEL CHAKER3","34.7455026058","10.7273742045",False,"2026-04-03 12:50:30.421","2026-04-03 12:50:30.421",NULL,NULL,NULL
"365","1387","MAGASIN GABES SUD","33.8638907379","10.1026122585",False,"2026-04-03 12:50:30.421","2026-04-03 12:50:30.421",NULL,NULL,NULL
"366","1388","MAGASIN OULED HAFFOUZ","35.0814905282","9.8671205387",False,"2026-04-03 12:50:30.421","2026-04-03 12:50:30.421",NULL,NULL,NULL
"367","1389","MAGASIN TAJEROUINE 2","35.8942390666","8.5534861844",False,"2026-04-03 12:50:30.421","2026-04-03 12:50:30.421",NULL,NULL,NULL
"368","1390","MAGASIN BEJA MZARA","36.7322002981","9.1744621216",False,"2026-04-03 12:50:30.421","2026-04-03 12:50:30.421",NULL,NULL,NULL
"369","1391","MAGASIN DAR FADHAL2","36.8643879323","10.2437474888",False,"2026-04-03 12:50:30.421","2026-04-03 12:50:30.421",NULL,NULL,NULL
"370","1392","MAGASIN RAS TABIA","36.8223190776","10.149049787",False,"2026-04-03 12:50:30.421","2026-04-03 12:50:30.421",NULL,NULL,NULL
"371","1393","MAGASIN SIDI ABDELHAMID2","35.7970099682","10.6624000015",False,"2026-04-03 12:50:30.421","2026-04-03 12:50:30.421",NULL,NULL,NULL
"372","1395","MAGASIN KEBILI SOUK LAHAD","33.7787632853","8.848766867",False,"2026-04-03 12:50:30.421","2026-04-03 12:50:30.421",NULL,NULL,NULL
"373","1396","MAGASIN TATAOUINE RTE MEDNIN","32.9370615386","10.4516914028",False,"2026-04-03 12:50:30.421","2026-04-03 12:50:30.421",NULL,NULL,NULL
"374","1397","MAGASIN JNINET MONFLEURY","36.7765262447","10.1742622663",False,"2026-04-03 12:50:30.421","2026-04-03 12:50:30.421",NULL,NULL,NULL
"375","1401","MAGASIN ARIANA ETTAAMIR","36.8640228515","10.1860878439",False,"2026-04-03 12:50:30.421","2026-04-03 12:50:30.421",NULL,NULL,NULL
"376","1402","MAGASIN BEJA EL MAAGOULA","36.7130423431","9.2152401187",False,"2026-04-03 12:50:30.421","2026-04-03 12:50:30.421",NULL,NULL,NULL
"377","1403","MAGASIN HOUMET ESSOUK1","33.8734224082","10.8431782574",False,"2026-04-03 12:50:30.421","2026-04-03 12:50:30.421",NULL,NULL,NULL
"378","1405","MAGASIN MENZEL TEMIME4","36.784283498","10.9824018511",False,"2026-04-03 12:50:30.421","2026-04-03 12:50:30.421",NULL,NULL,NULL
"379","1406","MAGASIN KABBARIA","36.7550963112","10.1937483172",False,"2026-04-03 12:50:30.421","2026-04-03 12:50:30.421",NULL,NULL,NULL
"380","1407","MAGASIN FOUCHANA AMAL","36.7058537208","10.1748403483",False,"2026-04-03 12:50:30.421","2026-04-03 12:50:30.421",NULL,NULL,NULL
"381","1408","MAGASIN EL AGBA2","36.7912447253","10.0922611807",False,"2026-04-03 12:50:30.421","2026-04-03 12:50:30.421",NULL,NULL,NULL
"382","1409","MAGASIN SIDI HSINE 20 MARS","36.7543476161","10.1070766438",False,"2026-04-03 12:50:30.421","2026-04-03 12:50:30.421",NULL,NULL,NULL
"383","1410","MAGASIN DOUZ CHARGUI","33.462978958","9.0237303953",False,"2026-04-03 12:50:30.421","2026-04-03 12:50:30.421",NULL,NULL,NULL
"384","1411","MAGASIN ZARZIS EL MWENSSA","33.5031419245","11.0904926227",False,"2026-04-03 12:50:30.421","2026-04-03 12:50:30.421",NULL,NULL,NULL
"385","1412","MAGASIN MENZEL KEMEL","35.6236251058","10.6680973082",False,"2026-04-03 12:50:30.421","2026-04-03 12:50:30.421",NULL,NULL,NULL
"386","1413","MAGASIN EL FALHS 3","36.3660028308","9.902811994",False,"2026-04-03 12:50:30.421","2026-04-03 12:50:30.421",NULL,NULL,NULL
"387","1415","MAGASIN MNIHLA RTE CHINWA2","36.8525986624","10.1081330037",False,"2026-04-03 12:50:30.421","2026-04-03 12:50:30.421",NULL,NULL,NULL
"388","1416","MAGASIN OUED EL MARJ","37.277155197","9.8586763224",False,"2026-04-03 12:50:30.421","2026-04-03 12:50:30.421",NULL,NULL,NULL
"389","1417","MAGASIN SIDI BOULBABA","33.8737053987","10.0936650957",False,"2026-04-03 12:50:30.421","2026-04-03 12:50:30.421",NULL,NULL,NULL
"390","1418","MAGASIN FOUSSANA","35.3507804256","8.6274526769",False,"2026-04-03 12:50:30.421","2026-04-03 12:50:30.421",NULL,NULL,NULL
"391","1419","MAGASIN MTORECH GABES","33.8668440363","10.1118091614",False,"2026-04-03 12:50:30.421","2026-04-03 12:50:30.421",NULL,NULL,NULL
"392","1425","MAGASIN ROUTE RAOUED PLAGE3","36.9534142958","10.1885042033",False,"2026-04-03 12:50:30.421","2026-04-03 12:50:30.421",NULL,NULL,NULL
"393","1426","MAGASIN KASSAS 2","34.7465720564","10.74474593",False,"2026-04-03 12:50:30.421","2026-04-03 12:50:30.421",NULL,NULL,NULL
"394","1427","MAGASIN SIDI ALOUEN","35.3763615536","10.936649087",False,"2026-04-03 12:50:30.421","2026-04-03 12:50:30.421",NULL,NULL,NULL
"395","1428","MAGASIN KORBA2","36.5731377216","10.8545641738",False,"2026-04-03 12:50:30.421","2026-04-03 12:50:30.421",NULL,NULL,NULL
"396","1429","MAGASIN EZZAHROUNI LES MARTYRS","36.7915762774","10.1051948109",False,"2026-04-03 12:50:30.421","2026-04-03 12:50:30.421",NULL,NULL,NULL
"397","1430","MAGASIN GAFSA ELKSAR2","34.3996233887","8.8025996255",False,"2026-04-03 12:50:30.421","2026-04-03 12:50:30.421",NULL,NULL,NULL
"398","1431","MAGASIN GHOMRASSEN","33.0598791689","10.3390760734",False,"2026-04-03 12:50:30.421","2026-04-03 12:50:30.421",NULL,NULL,NULL
"399","1432","MAGASIN GAFSA CITE ECHABEB","34.4225024953","8.7775762421",False,"2026-04-03 12:50:30.421","2026-04-03 12:50:30.421",NULL,NULL,NULL
"400","1433","MAGASIN JAMMEL5","35.6287175182","10.773299661",False,"2026-04-03 12:50:30.421","2026-04-03 12:50:30.421",NULL,NULL,NULL
"401","1434","MAGASIN JANDOUBA CITE CHORFA","36.5081855847","8.7961973438",False,"2026-04-03 12:50:30.421","2026-04-03 12:50:30.421",NULL,NULL,NULL
"402","1436","MAGASIN BOUARGOUB CHAABIA","36.5384909687","10.5472222642",False,"2026-04-03 12:50:30.421","2026-04-03 12:50:30.421",NULL,NULL,NULL
"403","1438","MAGASIN SOUKRA KM3","34.7233146859","10.7177900828",False,"2026-04-03 12:50:30.421","2026-04-03 12:50:30.421",NULL,NULL,NULL
"404","1439","MAGASIN SAHLINE2","35.7481503108","10.7072030144",False,"2026-04-03 12:50:30.421","2026-04-03 12:50:30.421",NULL,NULL,NULL
"405","1442","MAGASIN KEF IBN KHALDOUN","36.1696191706","8.6962291654",False,"2026-04-03 12:50:30.421","2026-04-03 12:50:30.421",NULL,NULL,NULL
"406","1444","MAGASIN EL MOUROUJ3 AL HARAMAY","36.7278682512","10.2060455491",False,"2026-04-03 12:50:30.421","2026-04-03 12:50:30.421",NULL,NULL,NULL
"407","1445","MAGASIN BIR EL KASSSAA","36.7234568315","10.2305109267",False,"2026-04-03 12:50:30.421","2026-04-03 12:50:30.421",NULL,NULL,NULL
"408","1446","MAGASIN SAHLOUL REPUBLIQUE","35.8419643441","10.5867100886",False,"2026-04-03 12:50:30.421","2026-04-03 12:50:30.421",NULL,NULL,NULL
"409","1447","MAGASIN BEN GUERDANE","33.1391840979","11.2120807034",False,"2026-04-03 12:50:30.421","2026-04-03 12:50:30.421",NULL,NULL,NULL
"410","1448","MAGASIN TOZEUR CITE EZDIHAR","33.9306202066","8.1300439676",False,"2026-04-03 12:50:30.421","2026-04-03 12:50:30.421",NULL,NULL,NULL
"411","1449","MAGASIN EL MBARKA SIDI THABET","36.8979399941","10.0271372959",False,"2026-04-03 12:50:30.421","2026-04-03 12:50:30.421",NULL,NULL,NULL
"412","1451","MAGASIN TABARKA RTE AIN DRAHEM","36.9410789817","8.7577752508",False,"2026-04-03 12:50:30.421","2026-04-03 12:50:30.421",NULL,NULL,NULL
"413","1453","MAGASIN REGUEB ROUTE MAZZOUNA","34.856189805","9.7869704052",False,"2026-04-03 12:50:30.421","2026-04-03 12:50:30.421",NULL,NULL,NULL
"414","1454","MAGASIN BNI KHIAR","36.4748377422","10.7859332424",False,"2026-04-03 12:50:30.421","2026-04-03 12:50:30.421",NULL,NULL,NULL
"415","1455","MAGASIN SAHLOUL RUE DE TURQUIE","35.838141562","10.5948651754",False,"2026-04-03 12:50:30.421","2026-04-03 12:50:30.421",NULL,NULL,NULL
"416","1456","MAGASIN OUED CHAABOUNI","34.7375200081","10.7124056036",False,"2026-04-03 12:50:30.421","2026-04-03 12:50:30.421",NULL,NULL,NULL
"417","1457","MAGASIN MARSA SIDI ABDELAZIZ","36.8862978182","10.3191184967",False,"2026-04-03 12:50:30.421","2026-04-03 12:50:30.421",NULL,NULL,NULL
"418","1458","MAGASIN OMRANE SUPERIEUR CITE","36.839403291","10.1318594351",False,"2026-04-03 12:50:30.421","2026-04-03 12:50:30.421",NULL,NULL,NULL
"419","1459","MAGASIN BOUZELFA04","36.683996791","10.5786386777",False,"2026-04-03 12:50:30.421","2026-04-03 12:50:30.421",NULL,NULL,NULL
"420","1460","MAGASIN BEN AROUS RUE DE BIZER","36.7574457922","10.2234243236",False,"2026-04-03 12:50:30.421","2026-04-03 12:50:30.421",NULL,NULL,NULL
"421","1461","MAGASIN SOUSSE ERRIADH IBN ROC","35.8008232766","10.5919257714",False,"2026-04-03 12:50:30.421","2026-04-03 12:50:30.421",NULL,NULL,NULL
"422","1462","MAGASIN KALAA KEBIRA RTE KONDA","35.8741778916","10.5448228314",False,"2026-04-03 12:50:30.421","2026-04-03 12:50:30.421",NULL,NULL,NULL
"423","1466","MAGASIN BIR LAHFAY RTE GAFSA","34.9266458526","9.1914133933",False,"2026-04-03 12:50:30.421","2026-04-03 12:50:30.421",NULL,NULL,NULL
"424","1467","MAGASIN EL GHAZALA CITE ESSAHA","36.9006705292","10.1796891649",False,"2026-04-03 12:50:30.421","2026-04-03 12:50:30.421",NULL,NULL,NULL
"425","1468","MAGASIN BORJ LOUZIR MOSTPHA MO","36.8671428432","10.2068106362",False,"2026-04-03 12:50:30.421","2026-04-03 12:50:30.421",NULL,NULL,NULL
"426","1470","MAGASIN BEMBLA RTE MONASTIR","35.6970692095","10.7942800792",False,"2026-04-03 12:50:30.421","2026-04-03 12:50:30.421",NULL,NULL,NULL
"427","1473","MAGASIN NABEUL VILLE4","36.4561147162","10.7319391109",False,"2026-04-03 12:50:30.421","2026-04-03 12:50:30.421",NULL,NULL,NULL
"428","1475","MAGASIN MANZEL BOURGUIBA KHEIR","37.1494177867","9.7944246702",False,"2026-04-03 12:50:30.421","2026-04-03 12:50:30.421",NULL,NULL,NULL
"429","1476","MAGASIN JAMMEL RTE BENI HASSEN","35.6190781022","10.7637092461",False,"2026-04-03 12:50:30.421","2026-04-03 12:50:30.421",NULL,NULL,NULL
"430","1477","MAGASIN CHEBIKA","35.6160768447","9.9273948556",False,"2026-04-03 12:50:30.421","2026-04-03 12:50:30.421",NULL,NULL,NULL
"431","1478","MAGASIN MEDENINE CENTRE","33.34991729","10.4864118812",False,"2026-04-03 12:50:30.421","2026-04-03 12:50:30.421",NULL,NULL,NULL
"432","1479","MAGASIN MATMATA JEDIDA","33.6692875851","10.0145848145",False,"2026-04-03 12:50:30.421","2026-04-03 12:50:30.421",NULL,NULL,NULL
"433","1480","MAGASIN MORNEG MARCHE","36.6785285401","10.2872638406",False,"2026-04-03 12:50:30.421","2026-04-03 12:50:30.421",NULL,NULL,NULL
"434","1481","MAGASIN EL MOUROUJ1 RUE TUNIS","36.7385276355","10.207621782",False,"2026-04-03 12:50:30.421","2026-04-03 12:50:30.421",NULL,NULL,NULL
"435","1482","MAGASIN MENZEL TEMIME RTE KELI","36.780268258","10.9938946437",False,"2026-04-03 12:50:30.421","2026-04-03 12:50:30.421",NULL,NULL,NULL
"436","1483","MAGASIN BENI KHALLED RTE KORBA","36.6489149272","10.5944438789",False,"2026-04-03 12:50:30.421","2026-04-03 12:50:30.421",NULL,NULL,NULL
"437","1484","MAGASIN HAMMAM SOUSSE6","35.8517041646","10.5981712565",False,"2026-04-03 12:50:30.421","2026-04-03 12:50:30.421",NULL,NULL,NULL
"438","1485","MAGASIN MAHDIA RTE JAMMEL","35.5051498071","11.0413114101",False,"2026-04-03 12:50:30.421","2026-04-03 12:50:30.421",NULL,NULL,NULL
"439","1486","MAGASIN TATAOUINE BIR LAHMER","33.1801200012","10.4421714696",False,"2026-04-03 12:50:30.421","2026-04-03 12:50:30.421",NULL,NULL,NULL
"440","1487","MAGASIN MAHDIA CHORBANE","35.2853978827","10.3861227274",False,"2026-04-03 12:50:30.421","2026-04-03 12:50:30.421",NULL,NULL,NULL
"441","1488","MAGASIN KEF CITE EL ONS","36.1616144543","8.7112663322",False,"2026-04-03 12:50:30.421","2026-04-03 12:50:30.421",NULL,NULL,NULL
"442","1489","MAGASIN ARIANA CITE MILAHA","36.857147255","10.1825064964",False,"2026-04-03 12:50:30.421","2026-04-03 12:50:30.421",NULL,NULL,NULL
"443","1490","MAGASIN ZAOUIET DJEDIDI","36.6421019312","10.5751718533",False,"2026-04-03 12:50:30.421","2026-04-03 12:50:30.421",NULL,NULL,NULL
"444","1491","MAGASIN TANIOUR MARKEZ EL AROU","34.7725332892","10.752232918",False,"2026-04-03 12:50:30.421","2026-04-03 12:50:30.421",NULL,NULL,NULL
"445","1492","MAGASIN BELLI BOUARGOUB","36.5673989173","10.5533873622",False,"2026-04-03 12:50:30.421","2026-04-03 12:50:30.421",NULL,NULL,NULL
"446","1493","MAGASIN SIDI BOUZID 2 MARS","35.030104066","9.4930261729",False,"2026-04-03 12:50:30.421","2026-04-03 12:50:30.421",NULL,NULL,NULL
"447","1494","MAGASIN MARKEZ KAANICHE","34.7700182916","10.7744968708",False,"2026-04-03 12:50:30.421","2026-04-03 12:50:30.421",NULL,NULL,NULL
"448","1497","MAGASIN MENZEL BOURGUIBA RTE T","37.1585707748","9.7772428749",False,"2026-04-03 12:50:30.421","2026-04-03 12:50:30.421",NULL,NULL,NULL
"449","1498","MAGASIN MEDJEZ EL BEB AV GMA","36.6476834192","9.6045184783",False,"2026-04-03 12:50:30.421","2026-04-03 12:50:30.421",NULL,NULL,NULL
"450","1499","MAGASIN BOKRI","36.8950067835","10.1111193273",False,"2026-04-03 12:50:30.421","2026-04-03 12:50:30.421",NULL,NULL,NULL
"451","1500","MAGASIN JEDEIDA CITE NAJET","36.8336569749","9.9416928422",False,"2026-04-03 12:50:30.421","2026-04-03 12:50:30.421",NULL,NULL,NULL
"452","1503","MAGASIN SAKIET SIDI YOUSSEF","36.2229146702","8.3552136115",False,"2026-04-03 12:50:30.421","2026-04-03 12:50:30.421",NULL,NULL,NULL
"453","1505","MAGASIN GAFSA ZARROUG","34.4276560258","8.756844784",False,"2026-04-03 12:50:30.421","2026-04-03 12:50:30.421",NULL,NULL,NULL
"454","1506","MAGASIN MARKEZ BELGITH","34.7600778928","10.7497329667",False,"2026-04-03 12:50:30.421","2026-04-03 12:50:30.421",NULL,NULL,NULL
"455","1507","MAGASIN BOUCHAMA GABES","33.9046254862","10.0627012881",False,"2026-04-03 12:50:30.421","2026-04-03 12:50:30.421",NULL,NULL,NULL
"456","1508","MAGASIN KEF BOUMAKHLOUF","36.1759282333","8.7087785461",False,"2026-04-03 12:50:30.421","2026-04-03 12:50:30.421",NULL,NULL,NULL
"457","1509","MAGASIN KAIROUAN KEBLIA NORD","35.6646226599","10.1025802436",False,"2026-04-03 12:50:30.421","2026-04-03 12:50:30.421",NULL,NULL,NULL
"458","1510","MAGASIN KELIBIA RTE AZMOUR","36.8521169473","11.0886732565",False,"2026-04-03 12:50:30.421","2026-04-03 12:50:30.421",NULL,NULL,NULL
"459","1511","MAGASIN SIDI BOUZID RUE DE LA","35.0364794243","9.4870056078",False,"2026-04-03 12:50:30.421","2026-04-03 12:50:30.421",NULL,NULL,NULL
"460","1512","MAGASIN ZAOUIET SOUSSE RTE MSA","35.7877965232","10.619272463",False,"2026-04-03 12:50:30.421","2026-04-03 12:50:30.421",NULL,NULL,NULL
"461","1513","MAGASIN TATAOUINE CITE MAHRAJE","32.945226348","10.4638643324",False,"2026-04-03 12:50:30.421","2026-04-03 12:50:30.421",NULL,NULL,NULL
"462","1514","MAGASIN NOUVELLE MEDINA1","36.7451605561","10.2508954923",False,"2026-04-03 12:50:30.421","2026-04-03 12:50:30.421",NULL,NULL,NULL
"463","1516","MAGASIN DAR FADHAL 03","36.8639605931","10.2483390709",False,"2026-04-03 12:50:30.421","2026-04-03 12:50:30.421",NULL,NULL,NULL
"464","1517","MAGASIN KALAAT SNEN VILLE","35.7684923546","8.3415640806",False,"2026-04-03 12:50:30.421","2026-04-03 12:50:30.421",NULL,NULL,NULL
"465","1518","MAGASIN AIN DRAHAM ALI BELAHOU","36.7794797412","8.6882052345",False,"2026-04-03 12:50:30.421","2026-04-03 12:50:30.421",NULL,NULL,NULL
"466","1519","MAGASIN BENI KHIAR RTE MAAMOUR","36.4646201695","10.7839703372",False,"2026-04-03 12:50:30.421","2026-04-03 12:50:30.421",NULL,NULL,NULL
"467","1521","MAGASIN SOUASSI RTE EL JEM","35.3429594321","10.5524394873",False,"2026-04-03 12:50:30.421","2026-04-03 12:50:30.421",NULL,NULL,NULL
"468","1522","MAGASIN SIDI DAOUED","36.8651281289","10.3067771877",False,"2026-04-03 12:50:30.421","2026-04-03 12:50:30.421",NULL,NULL,NULL
"469","1526","MAGASIN BIZERTE LA PECHERIE","37.2604409939","9.8307219737",False,"2026-04-03 12:50:30.421","2026-04-03 12:50:30.421",NULL,NULL,NULL
"470","1527","MAGASIN KEBILI EL GOLAA","33.4835508828","9.0083111923",False,"2026-04-03 12:50:30.421","2026-04-03 12:50:30.421",NULL,NULL,NULL
"471","1528","MAGASIN BENI KHEDACH","33.2498947047","10.1981445365",False,"2026-04-03 12:50:30.421","2026-04-03 12:50:30.421",NULL,NULL,NULL
"472","1529","MAGASIN KASSAS BOUALI","34.7985170073","10.7974271247",False,"2026-04-03 12:50:30.421","2026-04-03 12:50:30.421",NULL,NULL,NULL
"473","1531","MAGASIN MANZEL BOURGUIBA CENTR","37.1555267029","9.790152351",False,"2026-04-03 12:50:30.421","2026-04-03 12:50:30.421",NULL,NULL,NULL
"474","1532","MAGASIN MHAMDIA HACHED2","36.688858881","10.1469491465",False,"2026-04-03 12:50:30.421","2026-04-03 12:50:30.421",NULL,NULL,NULL
"475","1533","MAGASIN KSAR SAID EL BORTAL","36.8174131889","10.1195744266",False,"2026-04-03 12:50:30.421","2026-04-03 12:50:30.421",NULL,NULL,NULL
"476","1535","MAGASIN CHOTRANA2","36.8822357761","10.236104337",False,"2026-04-03 12:50:30.421","2026-04-03 12:50:30.421",NULL,NULL,NULL
"477","1536","MAGASIN SOUKRA RUE DU PARC","36.8667473155","10.2548629545",False,"2026-04-03 12:50:30.421","2026-04-03 12:50:30.421",NULL,NULL,NULL
"478","1537","MAGASIN BEN GUERDANE RTE ZARZI","33.1444266039","11.2165668816",False,"2026-04-03 12:50:30.421","2026-04-03 12:50:30.421",NULL,NULL,NULL
"479","1538","MAGASIN KRAM CITE DES OFFICIER","36.8337115207","10.3105894532",False,"2026-04-03 12:50:30.421","2026-04-03 12:50:30.421",NULL,NULL,NULL
"480","1539","MAGASIN HAMMAMET SOUK EL KHEMI","36.4063021847","10.617964941",False,"2026-04-03 12:50:30.421","2026-04-03 12:50:30.421",NULL,NULL,NULL
"481","1541","MAGASIN EL OUESLATIA RTE SILIA","35.8477221764","9.5923415441",False,"2026-04-03 12:50:30.421","2026-04-03 12:50:30.421",NULL,NULL,NULL
"482","1543","MAGASIN MARETH CENTRE","33.6185792408","10.2852620167",False,"2026-04-03 12:50:30.421","2026-04-03 12:50:30.421",NULL,NULL,NULL
"483","1545","MAGASIN SIDI HASSINE 25 JUILLE","36.7437361568","10.1205093569",False,"2026-04-03 12:50:30.421","2026-04-03 12:50:30.421",NULL,NULL,NULL
"484","1546","MAGASIN CHOTRANA EL BASSATINE","36.875997594","10.2264631439",False,"2026-04-03 12:50:30.421","2026-04-03 12:50:30.421",NULL,NULL,NULL
"485","1547","MAGASIN KRAM SIDI AMOR","36.844097401","10.3066093646",False,"2026-04-03 12:50:30.421","2026-04-03 12:50:30.421",NULL,NULL,NULL
"486","1548","MAGASIN SFAX EL AMRA","34.9836135397","10.8949291081",False,"2026-04-03 12:50:30.421","2026-04-03 12:50:30.421",NULL,NULL,NULL
"487","1549","MAGASIN KAIROUAN EL MANSOURA","35.6632100143","10.090544475",False,"2026-04-03 12:50:30.421","2026-04-03 12:50:30.421",NULL,NULL,NULL
"488","1550","MAGASIN MNIHLA SANHEJI","36.8796959083","10.1147446919",False,"2026-04-03 12:50:30.421","2026-04-03 12:50:30.421",NULL,NULL,NULL
"489","1551","MAGASIN BIZERTE JALA","37.2704648831","9.8569978495",False,"2026-04-03 12:50:30.421","2026-04-03 12:50:30.421",NULL,NULL,NULL
"490","1553","MAGASIN REDAYEF CENTRE","34.3818826266","8.1516549026",False,"2026-04-03 12:50:30.421","2026-04-03 12:50:30.421",NULL,NULL,NULL
"491","1554","MAGASIN KEBELI RTE GABES","33.7113047465","8.9722419057",False,"2026-04-03 12:50:30.421","2026-04-03 12:50:30.421",NULL,NULL,NULL
"492","1555","MAGASIN BIR LAHFAY","34.9315992517","9.195609595",False,"2026-04-03 12:50:30.421","2026-04-03 12:50:30.421",NULL,NULL,NULL
"493","1556","MAGASIN KABARIA AL GHAZELI","36.7544545563","10.1890125103",False,"2026-04-03 12:50:30.421","2026-04-03 12:50:30.421",NULL,NULL,NULL
"494","1557","MAGASIN DAR FADHAL RAS JEDIR","36.8703356144","10.2466293124",False,"2026-04-03 12:50:30.421","2026-04-03 12:50:30.421",NULL,NULL,NULL
"495","1559","MAGASIN HAMMAMET SIDI HAMED","36.4164148048","10.5163935654",False,"2026-04-03 12:50:30.421","2026-04-03 12:50:30.421",NULL,NULL,NULL
"496","1560","MAGASIN EL KSAR RTE MAHDIA","35.2971747973","10.7135325789",False,"2026-04-03 12:50:30.421","2026-04-03 12:50:30.421",NULL,NULL,NULL
"497","1561","MAGASIN ZARZIS SOUIHEL ZITA","33.5408859004","11.1065838474",False,"2026-04-03 12:50:30.421","2026-04-03 12:50:30.421",NULL,NULL,NULL
"498","1562","MAGASIN REGUEB RTE SIDI BOUZID","34.8621780013","9.7844057085",False,"2026-04-03 12:50:30.421","2026-04-03 12:50:30.421",NULL,NULL,NULL
"499","1563","MAGASIN CITE AMEN EL YASMINET","36.7435801959","10.2342681768",False,"2026-04-03 12:50:30.421","2026-04-03 12:50:30.421",NULL,NULL,NULL
"500","1564","MAGASIN MSAKEN EL MALAAB","35.7247118024","10.5715015244",False,"2026-04-03 12:50:30.421","2026-04-03 12:50:30.421",NULL,NULL,NULL
"501","1565","MAGASIN FOUCHANA CITE MOSTAKBA","36.6990703655","10.1585255317",False,"2026-04-03 12:50:30.421","2026-04-03 12:50:30.421",NULL,NULL,NULL
"502","1566","MAGASIN LAMTA RTE SAYADA","35.6742219855","10.8837877533",False,"2026-04-03 12:50:30.421","2026-04-03 12:50:30.421",NULL,NULL,NULL
"503","1567","MAGASIN MSAKEN RTE MONASTIR","35.7200573855","10.5799528204",False,"2026-04-03 12:50:30.421","2026-04-03 12:50:30.421",NULL,NULL,NULL
"504","1568","MAGASIN LESSOUDA SIDI BOUZID","35.0988376891","9.5395102785",False,"2026-04-03 12:50:30.421","2026-04-03 12:50:30.421",NULL,NULL,NULL
"505","1569","MAGASIN SFAX RTE AEROPORT","34.7311442636","10.6677939049",False,"2026-04-03 12:50:30.421","2026-04-03 12:50:30.421",NULL,NULL,NULL
"506","1570","MAGASIN CITE MANSOURA SOUKRA","36.8815553011","10.1960156176",False,"2026-04-03 12:50:30.421","2026-04-03 12:50:30.421",NULL,NULL,NULL
"507","1573","MAGASIN SIDI AMOR MANNOUBA","36.8046450386","10.0933273885",False,"2026-04-03 12:50:30.421","2026-04-03 12:50:30.421",NULL,NULL,NULL
"508","1574","MAGASIN SIDI BOUALI 2","35.9569205169","10.4699762682",False,"2026-04-03 12:50:30.421","2026-04-03 12:50:30.421",NULL,NULL,NULL
"509","1575","MAGASIN CITE ERRIADH RTE DJEDA","36.8341702104","9.985578148",False,"2026-04-03 12:50:30.421","2026-04-03 12:50:30.421",NULL,NULL,NULL
"510","1576","MAGASIN KALAA SEGHIRA 20 MARS","35.8241100735","10.5520473915",False,"2026-04-03 12:50:30.421","2026-04-03 12:50:30.421",NULL,NULL,NULL
"511","1578","MAGASIN EL KSAR RTE SOUSSE","35.2987920999","10.7057946457",False,"2026-04-03 12:50:30.421","2026-04-03 12:50:30.421",NULL,NULL,NULL
"512","1579","MAGASIN GAFSA EL MOUALA","34.4268206479","8.7887161323",False,"2026-04-03 12:50:30.421","2026-04-03 12:50:30.421",NULL,NULL,NULL
"513","1580","MAGASIN BIR BOUREGBA CHAABIA","36.4305946143","10.568328608",False,"2026-04-03 12:50:30.421","2026-04-03 12:50:30.421",NULL,NULL,NULL
"514","1581","MAGASIN MATEUR CITÉ EZZOUHOUR","37.0379830182","9.6727576961",False,"2026-04-03 12:50:30.421","2026-04-03 12:50:30.421",NULL,NULL,NULL
"515","1585","MAGASIN DJEBAL JELLOUD","36.7661220273","10.2036585762",False,"2026-04-03 12:50:30.421","2026-04-03 12:50:30.421",NULL,NULL,NULL
"516","1586","MAGASIN ROUTE RAOUED PLAGE4","36.9562340534","10.2152143587",False,"2026-04-03 12:50:30.421","2026-04-03 12:50:30.421",NULL,NULL,NULL
"517","1588","MAGASIN HAFFOUZ RTE SILIANA","35.6377969535","9.6699728361",False,"2026-04-03 12:50:30.421","2026-04-03 12:50:30.421",NULL,NULL,NULL
"518","1592","MAGASIN ZARZIS RTE DJERBA","33.5089940236","11.1071358353",False,"2026-04-03 12:50:30.421","2026-04-03 12:50:30.421",NULL,NULL,NULL
"519","1594","MAGASIN KEBILI NAZLA","33.6996781149","8.9665797843",False,"2026-04-03 12:50:30.421","2026-04-03 12:50:30.421",NULL,NULL,NULL
"520","1597","MAGASIN HANCHA AV HBIB BOURGUI","35.1175323165","10.7430982383",False,"2026-04-03 12:50:30.421","2026-04-03 12:50:30.421",NULL,NULL,NULL
"521","1598","MAGASIN KSAR SAID ZONE INDUSTR","36.8187873318","10.0958274681",False,"2026-04-03 12:50:30.421","2026-04-03 12:50:30.421",NULL,NULL,NULL
"522","1600","MAGASIN EL KOBBAA","36.8229835934","10.0629763256",False,"2026-04-03 12:50:30.421","2026-04-03 12:50:30.421",NULL,NULL,NULL
"523","1601","MAGASIN BEN AROUS RUE DE BIZER","36.7575543057","10.2234021114",False,"2026-04-03 12:50:30.421","2026-04-03 12:50:30.421",NULL,NULL,NULL
"524","1602","MAGASIN MREZGA","36.4264850903","10.67123665",False,"2026-04-03 12:50:30.421","2026-04-03 12:50:30.421",NULL,NULL,NULL
"525","1605","MAGASIN KRAM HABIB BOURGUIBA","36.837461963","10.3173618423",False,"2026-04-03 12:50:30.421","2026-04-03 12:50:30.421",NULL,NULL,NULL
"526","1608","MAGASIN ZAOUIET MORNAG","36.7006797631","10.2735496935",False,"2026-04-03 12:50:30.421","2026-04-03 12:50:30.421",NULL,NULL,NULL
"527","1609","MAGASIN CITE EL MANARA EL MOUR","36.7084235513","10.2037581029",False,"2026-04-03 12:50:30.421","2026-04-03 12:50:30.421",NULL,NULL,NULL
"528","1610","MAGASIN JAYARA FENDRI","36.7657111754","10.096314604",False,"2026-04-03 12:50:30.421","2026-04-03 12:50:30.421",NULL,NULL,NULL
"529","1611","MAGASIN NOUR JAAFER","36.9081806999","10.1862663272",False,"2026-04-03 12:50:30.421","2026-04-03 12:50:30.421",NULL,NULL,NULL
"530","1613","MAGASIN GHDIR EL GOLLA","36.7752338548","10.0557927268",False,"2026-04-03 12:50:30.421","2026-04-03 12:50:30.421",NULL,NULL,NULL
"531","MGH","Dépôt MGHIRA","36.71397155888845","10.167299343273681",True,"2026-04-03 12:50:30.421","2026-04-03 12:50:30.421",NULL,NULL,NULL
"532","MHD","Dépôt MHD","36.65335375","10.109532",True,"2026-04-03 12:50:30.421","2026-04-03 12:50:30.421",NULL,NULL,NULL
"533","BKS","Dépôt BIR EL KASAA","36.73717864472611","10.226326250238385",True,"2026-04-03 12:50:30.421","2026-04-03 12:50:30.421",NULL,NULL,NULL
"534","TUN","Dépôt MHAMMDIA","36.653307463287945","10.10945416907779",True,"2026-04-03 12:50:30.421","2026-04-03 12:50:30.421",NULL,NULL,NULL
"535","NAS","Central FLEG","36.67067794267927","10.20687090733209",True,"2026-04-03 12:50:30.421","2026-04-03 12:50:30.421",NULL,NULL,NULL
"536","SDH","Dépôt SIDI DHAHR","36.550706","10.561978",True,"2026-04-03 12:50:30.421","2026-04-03 12:50:30.421",NULL,NULL,NULL
"537","GIAS2","Dépôt GIAS 2","36.52293","10.560349",True,"2026-04-03 12:50:30.421","2026-04-03 12:50:30.421",NULL,NULL,NULL
"538","DBH","Dépôt BORJ HFAIDH","36.4647","10.572021",True,"2026-04-03 12:50:30.421","2026-04-03 12:50:30.421",NULL,NULL,NULL
"539","BAR","Dépôt BORJ HFAIDH SPOT","36.474559","10.580058",True,"2026-04-03 12:50:30.421","2026-04-03 12:50:30.421",NULL,NULL,NULL
"540","SAL","Dépôt SAHLINE","35.72162703313132","10.75380242842819",True,"2026-04-03 12:50:30.421","2026-04-03 12:50:30.421",NULL,NULL,NULL
"541","SFX","Dépôt SFAX","34.662784","10.700308",True,"2026-04-03 12:50:30.421","2026-04-03 12:50:30.421",NULL,NULL,NULL
"542","GAB","dépôt GABES","33.90105827383798","10.069423346190685",True,"2026-04-03 12:50:30.421","2026-04-03 12:50:30.421",NULL,NULL,NULL
"543","GAS","Dépôt GAFSA","10.069423346190685","8.777402458429382",True,"2026-04-03 12:50:30.421","2026-04-03 12:50:30.421",NULL,NULL,NULL
"544","BSL","Dépôt BOUSALEM","36.59774752618856","8.96287622431994",True,"2026-04-03 12:50:30.421","2026-04-03 12:50:30.421",NULL,NULL,NULL
"545","BIZ","Dépôt BIZERTE","37.233503119600925","9.910465957563368",True,"2026-04-03 12:50:30.421","2026-04-03 12:50:30.421",NULL,NULL,NULL
"546","JER","Dépôt JERBA","33.862374","10.805551",True,"2026-04-03 12:50:30.421","2026-04-03 12:50:30.421",NULL,NULL,NULL
"547","1900","aziza gal3a","36.8","10.2",False,"2026-04-04 13:46:22.647","2026-04-04 13:46:22.647",NULL,NULL,"Admin"
